name,region,continent,level,lat,lon,ghg,source_year,population,ghgpc,coal,oil,ng,otherfos,nuclear,hydro,geothermal,pv,wind,otherren,other,Agriculture 2016,Land-use change and forestry 2016,Waste 2016,Industry 2016,Manufacturing and construction 2016,Transport 2016,Electricity and heat 2016,Buildings 2016,Fugitive emissions 2016,Other fuel combustion 2016,Aviation and shipping 2016,Agriculture 2016 2017,Land-use change and forestry 2016 2017,Waste 2016 2017,Industry 2016 2017,Manufacturing and construction 2016 2017,Transport 2016 2017,Electricity and heat 2016 2017,Buildings 2016 2017,Fugitive emissions 2016 2017,Other fuel combustion 2016 2017,Aviation and shipping 2016 2017,Agriculture 2016 2017 2018,Land-use change and forestry 2016 2017 2018,Waste 2016 2017 2018,Industry 2016 2017 2018,Manufacturing and construction 2016 2017 2018,Transport 2016 2017 2018,Electricity and heat 2016 2017 2018,Buildings 2016 2017 2018,Fugitive emissions 2016 2017 2018,Other fuel combustion 2016 2017 2018,Aviation and shipping 2016 2017 2018,,
Aruba,Caribbean,North and Central America,country,12.51756625,-69.98186415,617,1987,61838,9.98,NA,NA,NA,NA,NA,NA,NA,NA,NA,NA,NA,NA,NA,NA,NA,NA,NA,NA,NA,NA,NA,NA,NA,NA,NA,NA,NA,NA,NA,NA,NA,NA,NA,NA,NA,NA,NA,NA,NA,NA,NA,NA,NA,NA,,
Afghanistan,South Asia,Asia,country,33.7680065,66.2385139,98920,2018,37171922,2.66,NA,NA,NA,NA,NA,NA,NA,NA,NA,NA,NA,15320000,150000,3370000,760000,2950000,4160000,200000,40000,2190000,66390000,40000,15220000,150000,3450000,910000,3440000,3550000,210000,130000,2210000,68180000,40000,14740000,150000,3530000,1060000,3290000,3730000,220000,140000,2220000,69970000,40000,,
Angola,Sub-Saharan Africa,Africa,country,-11.8775768,17.5691241,79730,2018,30809787,2.59,0,0.29,0,0,0,0.71,0,0,0,0,0,35680000,47610000,1640000,1310000,2490000,7910000,6680000,4330000,30360000,830000,2020000,36350000,50130000,1700000,1350000,1390000,6720000,7240000,3500000,28110000,830000,2020000,32570000,44860000,1750000,1390000,1410000,7010000,7120000,3240000,24420000,830000,2080000,,
Albania,"Eastern Europe, Balkans, Caucasus",Europe,country,41.000028,19.9999619,10080,2018,2866376,3.52,0,0,0,0,0,1,0,0,0,0,0,3210000,-240000,980000,1550000,610000,2290000,120000,390000,0,570000,130000,3130000,-230000,980000,1530000,1070000,2300000,230000,450000,0,600000,140000,2970000,-240000,980000,1510000,1220000,2200000,140000,460000,0,600000,120000,,
Andorra,Western Europe,Europe,country,42.5407167,1.5732033,540,1998,64140,8.42,NA,NA,NA,NA,NA,NA,NA,NA,NA,NA,NA,0,0,50000,60000,0,0,0,0,0,0,0,0,0,50000,70000,0,0,0,0,0,0,0,0,0,50000,70000,0,0,0,0,0,0,0,,
United Arab Emirates,Middle East,Asia,country,24.0002488,53.9994829,263240,2018,9630966,27.33,0,0.01,0.98,0,0,0,0,0,0,0,0,1990000,0,18630000,8220000,83720000,34630000,72700000,1020000,32310000,6420000,78680000,2030000,0,19500000,8340000,84650000,40720000,74220000,1010000,32800000,6550000,76150000,2040000,0,20370000,8450000,80770000,37670000,73300000,800000,33150000,6670000,74870000,,
Argentina,South America (region),South America (continent),country,-34.9964963,-64.9672817,365650,2018,44494502,8.22,0.02,0.08,0.57,0,0.04,0.27,0,0,0,0.01,0,126560000,29900000,21060000,24910000,19410000,45250000,71120000,30610000,12200000,15240000,5120000,130290000,30380000,21370000,26090000,18980000,46430000,68180000,28520000,12020000,15450000,5630000,129940000,29850000,21670000,27260000,20690000,47790000,64080000,28100000,11980000,14140000,5630000,,
Armenia,"Eastern Europe, Balkans, Caucasus",Europe,country,40.7696272,44.6736646,9360,2018,2951741,3.17,0,0,0.37,0,0.34,0.29,0,0,0,0,0,2330000,40000,750000,400000,400000,1580000,1190000,1240000,900000,720000,140000,1870000,40000,740000,380000,450000,1670000,1260000,1320000,900000,680000,170000,1750000,40000,740000,370000,460000,1810000,1500000,1170000,900000,670000,190000,,
American Samoa,Oceania (region),Oceania (continent),country,-14.2930755,-170.6847001,21,1989,45894,0.45,NA,NA,NA,NA,NA,NA,NA,NA,NA,NA,NA,NA,NA,NA,NA,NA,NA,NA,NA,NA,NA,NA,NA,NA,NA,NA,NA,NA,NA,NA,NA,NA,NA,NA,NA,NA,NA,NA,NA,NA,NA,NA,NA,NA,,
Antigua and Barbuda,Caribbean,North and Central America,country,17.2234721,-61.9554608,970,2008,85394,11.36,NA,NA,NA,NA,NA,NA,NA,NA,NA,NA,NA,20000,0,190000,410000,0,210000,280000,10000,0,10000,220000,20000,0,190000,440000,0,210000,280000,10000,0,10000,220000,20000,0,190000,460000,0,220000,300000,10000,0,10000,230000,,
Australia,Oceania (region),Oceania (continent),country,-24.7761086,134.755,615380,2018,24982688,24.63,0.63,0.02,0.2,0,0,0.06,0,0.03,0.05,0.01,0,120100000,3930000,12120000,18190000,37500000,95590000,225680000,14830000,36270000,13120000,14020000,163310000,3290000,12210000,17860000,37550000,97680000,226190000,14870000,36530000,13590000,15210000,159540000,3890000,12310000,17440000,39320000,99640000,221260000,15100000,37170000,13610000,16100000,,
Austria,Central Europe and Baltics,Europe,country,47.59397,14.12456,74980,2018,8840521,8.48,0.06,0.01,0.16,0,0,0.57,0,0.02,0.1,0.08,0,7490000,-7120000,1570000,3720000,10710000,23980000,18230000,7990000,260000,1720000,2330000,7430000,-7120000,1510000,3570000,10640000,24540000,19990000,8200000,260000,1700000,2260000,7410000,-7120000,1460000,3440000,10820000,24760000,17710000,7450000,250000,1680000,2510000,,
Azerbaijan,"Eastern Europe, Balkans, Caucasus",Europe,country,40.3936294,47.7872508,80260,2018,9939771,8.07,0,0.05,0.86,0,0,0.07,0,0,0,0.01,0,7320000,-1920000,3920000,1150000,2790000,6550000,14330000,6720000,37740000,1370000,690000,7180000,-1910000,4010000,1170000,1750000,7600000,14280000,6140000,37000000,1390000,630000,7410000,-1910000,4110000,1190000,1320000,7900000,14280000,6300000,36260000,1500000,470000,,
Burundi,Sub-Saharan Africa,Africa,country,-3.426449,29.9324519,5520,2018,11175379,0.49,NA,NA,NA,NA,NA,NA,NA,NA,NA,NA,NA,2810000,3500000,400000,390000,0,380000,20000,20000,0,740000,10000,3290000,3490000,410000,430000,0,440000,70000,20000,0,740000,10000,3330000,3480000,420000,460000,0,460000,70000,20000,0,750000,20000,,
Belgium,Western Europe,Europe,country,50.6402809,4.6667145,108750,2018,11427054,9.52,0.03,0,0.27,0,0.49,0,0,0.04,0.08,0.08,0.01,9590000,160000,1210000,5960000,19460000,25800000,21990000,22890000,570000,2900000,25700000,9320000,160000,1160000,5580000,18660000,25210000,22110000,22700000,570000,2940000,28860000,9400000,160000,1110000,5350000,19220000,25310000,22470000,22410000,570000,2920000,34940000,,
Benin,Sub-Saharan Africa,Africa,country,9.5293472,2.2584408,17380,2018,11485035,1.51,0,0.56,0.42,0,0,0,0,0.02,0,0,0,5240000,10720000,230000,1530000,400000,5800000,190000,110000,0,2600000,110000,5150000,10740000,240000,1610000,330000,5990000,200000,100000,0,2640000,100000,5580000,10740000,250000,1700000,120000,6750000,170000,130000,0,2690000,100000,,
Burkina Faso,Sub-Saharan Africa,Africa,country,12.0753083,-1.6880314,30850,2018,19751466,1.56,NA,NA,NA,NA,NA,NA,NA,NA,NA,NA,NA,22860000,24100000,1070000,1060000,770000,1770000,580000,270000,0,1280000,70000,23050000,24100000,1100000,1160000,790000,2080000,790000,290000,0,1300000,90000,23010000,24100000,1130000,1260000,830000,2190000,830000,300000,0,1310000,90000,,
Bangladesh,South Asia,Asia,country,24.4769288,90.2934413,198970,2018,161376713,1.23,0.01,0.18,0.79,0,0,0.01,0,0,0,0,0,83470000,21760000,20110000,3050000,14760000,9810000,36260000,9040000,1400000,5600000,1440000,86720000,21750000,20380000,3510000,17350000,10940000,37050000,9620000,1410000,5440000,1550000,88530000,21780000,20640000,3970000,17720000,12010000,38870000,9820000,1410000,6010000,1680000,,
Bulgaria,"Eastern Europe, Balkans, Caucasus",Europe,country,42.6073975,25.4856617,53330,2018,7025037,7.59,0.47,0.01,0.04,0,0.35,0.06,0,0.03,0.03,0.01,0,5280000,-33800000,4040000,2750000,3730000,9090000,26130000,1170000,1030000,1070000,880000,5310000,-33800000,3990000,2690000,4390000,9230000,27540000,1200000,1020000,1070000,970000,5260000,-33810000,3940000,2600000,4790000,9440000,24190000,1020000,1010000,1090000,1020000,,
Bahrain,Middle East,Asia,country,26.1551249,50.5344606,48950,2018,1569440,31.19,0,0,1,0,0,0,0,0,0,0,0,30000,0,11640000,3260000,2120000,3630000,23640000,260000,2490000,90000,1600000,30000,0,11960000,3570000,1950000,3740000,23870000,270000,2470000,90000,1650000,50000,0,12280000,3870000,2170000,3850000,23900000,270000,2460000,90000,1770000,,
Bahamas,Caribbean,North and Central America,country,24.7736546,-78.0000547,2440,2008,343680,7.1,NA,NA,NA,NA,NA,NA,NA,NA,NA,NA,NA,40000,30000,210000,70000,210000,370000,1240000,350000,0,80000,210000,40000,70000,210000,80000,180000,480000,1210000,250000,0,90000,370000,30000,10000,210000,80000,190000,510000,1270000,270000,0,90000,390000,,
Bosnia and Herzegovina,"Eastern Europe, Balkans, Caucasus",Europe,country,44.3053476,17.5961467,27190,2018,3323929,8.18,0.75,0,0,0,0,0.24,0,0,0,0,0,2750000,-1740000,1130000,510000,2050000,3610000,15000000,1330000,710000,120000,30000,2720000,-1730000,1120000,500000,2180000,3770000,15310000,1030000,710000,130000,30000,2570000,-1730000,1120000,500000,2390000,3740000,15160000,820000,700000,200000,20000,,
Belarus,"Eastern Europe, Balkans, Caucasus",Europe,country,53.4250605,27.6971358,88140,2018,9438785,9.34,0,0.01,0.97,0,0,0.01,0,0,0,0.01,0,20170000,-21340000,6360000,2710000,4500000,10810000,30790000,4880000,1040000,2310000,370000,20670000,-21450000,6430000,2730000,4640000,11270000,30920000,4910000,1050000,2570000,390000,20460000,-21460000,6500000,2730000,4740000,11860000,33160000,4940000,1060000,2690000,440000,,
Belize,Central America,North and Central America,country,16.8259793,-88.7600927,1560,2018,383071,4.07,NA,NA,NA,NA,NA,NA,NA,NA,NA,NA,NA,400000,5260000,220000,120000,60000,500000,20000,70000,90000,30000,50000,390000,5310000,230000,130000,50000,490000,30000,80000,90000,30000,50000,380000,5260000,230000,150000,50000,510000,30000,90000,90000,30000,50000,,
Bermuda,Caribbean,North and Central America,country,32.3018217,-64.7603583,577,1986,57382,10.06,NA,NA,NA,NA,NA,NA,NA,NA,NA,NA,NA,NA,NA,NA,NA,NA,NA,NA,NA,NA,NA,NA,NA,NA,NA,NA,NA,NA,NA,NA,NA,NA,NA,NA,NA,NA,NA,NA,NA,NA,NA,NA,NA,NA,,
Bolivia,South America (region),South America (continent),country,-17.0568696,-64.9912286,56870,2018,11353140,5.01,0,0.02,0.72,0,0,0.22,0,0,0.01,0.03,0,27470000,70570000,2850000,1780000,2270000,9500000,6050000,1660000,3180000,1020000,260000,27230000,69020000,2910000,1810000,2350000,10100000,6040000,1710000,3110000,1040000,250000,27250000,69340000,2970000,1830000,2380000,10550000,5920000,1780000,3130000,1060000,240000,,
Brazil,South America (region),South America (continent),country,-10.3333333,-53.2,1032640,2018,209469320,4.93,0.04,0.03,0.11,0,0.03,0.63,0,0,0.07,0.09,0,502990000,392290000,68890000,30170000,84690000,198890000,96390000,20410000,8580000,40700000,17700000,507270000,396510000,69550000,28940000,90500000,200020000,97860000,20480000,8520000,41760000,17390000,496100000,387940000,70220000,28990000,86980000,191660000,88440000,20380000,8680000,41180000,16740000,,
Barbados,Caribbean,North and Central America,country,13.1500331,-59.5250305,3790,2018,286640,13.22,NA,NA,NA,NA,NA,NA,NA,NA,NA,NA,NA,60000,0,2270000,190000,50000,430000,660000,80000,60000,20000,390000,60000,0,2270000,200000,60000,440000,520000,90000,60000,20000,430000,50000,0,2280000,210000,60000,460000,550000,70000,70000,20000,450000,,
Brunei Darussalam,Southeast Asia,Asia,country,4.4137155,114.5653908,16620,2018,428960,38.74,0,0.01,0.99,0,0,0,0,0,0,0,0,130000,390000,170000,350000,320000,1340000,4630000,90000,9060000,90000,240000,130000,320000,170000,430000,420000,1330000,4790000,90000,8850000,140000,230000,120000,330000,170000,500000,370000,1350000,5210000,120000,8630000,150000,260000,,
Bhutan,South Asia,Asia,country,27.549511,90.5119273,2470,2018,754396,3.27,NA,NA,NA,NA,NA,NA,NA,NA,NA,NA,NA,520000,-1300000,80000,390000,290000,540000,0,50000,0,450000,10000,530000,-1310000,80000,390000,350000,570000,0,50000,0,450000,10000,530000,-1310000,80000,400000,370000,600000,0,50000,0,440000,10000,,
Botswana,Sub-Saharan Africa,Africa,country,-23.1681782,24.5928742,16120,2018,2254067,7.15,1,0,0,0,0,0,0,0,0,0,0,3820000,41330000,240000,300000,720000,2490000,3620000,100000,720000,1570000,40000,6890000,41330000,250000,310000,740000,2550000,4290000,100000,730000,1600000,40000,5150000,41330000,250000,330000,770000,2660000,4480000,110000,750000,1620000,40000,,
Central African Republic,Sub-Saharan Africa,Africa,country,7.0323598,19.9981227,55680,2018,4666375,11.93,NA,NA,NA,NA,NA,NA,NA,NA,NA,NA,NA,19650000,35170000,3000000,30000,20000,180000,0,60000,0,32880000,110000,18120000,31890000,3010000,30000,20000,190000,0,60000,0,33350000,110000,18520000,31390000,3030000,40000,20000,190000,0,60000,0,33830000,120000,,
Canada,North America (region),North and Central America,country,61.0666922,-107.991707,724930,2018,37065178,19.56,0.09,0.01,0.09,0,0.15,0.6,0,0.01,0.04,0.01,0,56390000,35920000,17550000,20850000,64500000,180830000,212670000,66470000,45240000,30700000,2940000,57150000,36380000,17910000,21520000,67910000,185250000,211980000,69950000,46520000,31170000,3110000,58950000,38510000,18280000,21640000,69170000,192110000,209540000,75680000,47700000,31870000,4120000,,
Switzerland,Central Europe and Baltics,Europe,country,46.7985624,8.2319736,46020,2018,8514329,5.41,0,0,0.01,0,0.34,0.57,0,0.03,0,0.05,0,5640000,-2240000,820000,3350000,5140000,16040000,3100000,12990000,230000,880000,5100000,5600000,-2240000,810000,3380000,5040000,15750000,3090000,12370000,230000,920000,5270000,5540000,-2240000,790000,3420000,4920000,15820000,3080000,11340000,230000,870000,5530000,,
Chile,South America (region),South America (continent),country,-31.7613365,-71.3187697,109590,2018,18729166,5.85,0.37,0.02,0.17,0,0,0.27,0,0.05,0.04,0.08,0,10190000,-57780000,4770000,3620000,14990000,26380000,37140000,5910000,1180000,3960000,2170000,10250000,-56580000,4870000,3820000,14400000,27380000,36510000,6460000,1150000,4510000,2290000,10650000,-57820000,4980000,4030000,14320000,28330000,35010000,6580000,1140000,4570000,2450000,,
China,East Asia,Asia,country,35.000074,104.999927,12355240,2018,1402760000,8.81,0.68,0,0.03,0,0.04,0.18,0,0.02,0.04,0.01,0,699820000,-649520000,185650000,1122480000,2846380000,843420000,4637770000,525090000,696810000,299760000,57070000,684300000,-649790000,191610000,1144490000,2734180000,880900000,4904120000,533080000,694790000,290600000,61540000,672870000,-649430000,197570000,1166290000,2667430000,917020000,5214200000,542130000,693660000,284080000,63820000,,
Cote d'Ivoire,Sub-Saharan Africa,Africa,country,7.9897371,-5.5679458,22900,2018,25069226,0.91,0,0.01,0.83,0,0,0.15,0,0,0,0.02,0,7180000,26680000,2090000,2820000,720000,3840000,3550000,890000,460000,1190000,780000,6110000,26650000,2150000,3110000,1380000,3580000,3910000,1070000,510000,1300000,750000,5960000,26650000,2200000,3400000,990000,3980000,3570000,1120000,560000,1130000,740000,,
Cameroon,Sub-Saharan Africa,Africa,country,4.6125522,13.1535811,89050,2018,25216261,3.53,0,0.27,0.22,0,0,0.51,0,0,0,0,0,12860000,34540000,3740000,59030000,230000,3180000,2130000,470000,1470000,5200000,70000,12700000,34510000,3840000,59260000,230000,2940000,2260000,450000,1380000,5260000,50000,12740000,34280000,3940000,59490000,240000,2870000,2640000,440000,1380000,5320000,50000,,
Democratic Republic of the Congo,Sub-Saharan Africa,Africa,country,-2.9814344,23.8222636,58700,2018,84068092,0.7,0,0,0,0,0,1,0,0,0,0,0,26610000,627580000,14130000,1820000,70000,1900000,10000,0,910000,12190000,370000,27630000,626510000,14600000,2000000,50000,2140000,10000,0,910000,12320000,370000,25980000,622960000,15070000,2180000,40000,2070000,10000,0,900000,12460000,430000,,
Republic of the Congo,Sub-Saharan Africa,Africa,country,-0.7264327,15.6419155,9370,2018,5244363,1.79,0,0.02,0.54,0,0,0.3,0,0.14,0,0,0,3360000,10970000,680000,870000,90000,1450000,1350000,90000,170000,1190000,130000,3320000,10710000,700000,920000,110000,1320000,1340000,80000,180000,1210000,100000,3420000,10920000,720000,970000,110000,1320000,1340000,80000,190000,1230000,100000,,
Colombia,South America (region),South America (continent),country,4.099917,-72.9088133,184100,2018,49661056,3.71,0.04,0.03,0.14,0,0,0.78,0,0,0,0.02,0,56690000,83270000,16490000,11400000,14070000,28800000,23110000,4660000,17340000,8380000,5100000,60370000,83150000,16800000,11810000,14790000,28790000,16470000,4610000,16990000,6840000,4860000,63020000,83850000,17110000,12220000,15210000,29340000,18560000,5090000,16650000,6900000,5030000,,
Comoros,Sub-Saharan Africa,Africa,country,-12.2045176,44.2832964,590,2018,832322,0.71,NA,NA,NA,NA,NA,NA,NA,NA,NA,NA,NA,290000,60000,10000,10000,0,50000,40000,40000,0,110000,10000,280000,60000,10000,10000,0,50000,70000,40000,0,120000,10000,280000,60000,10000,10000,0,50000,70000,50000,0,130000,10000,,
Cabo Verde,Sub-Saharan Africa,Africa,country,16.0000552,-24.0083947,830,2018,543764,1.53,NA,NA,NA,NA,NA,NA,NA,NA,NA,NA,NA,120000,-60000,40000,10000,0,260000,240000,40000,0,50000,380000,100000,-60000,40000,10000,0,280000,270000,50000,0,50000,400000,100000,-60000,40000,20000,0,290000,280000,50000,0,50000,420000,,
Costa Rica,Central America,North and Central America,country,10.2735633,-84.0739102,15810,2018,4999443,3.16,0,0,0,0,0,0.77,0.1,0,0.11,0.02,0,4070000,-7240000,2020000,1450000,1100000,5680000,160000,290000,0,770000,600000,4050000,-7280000,2050000,1510000,1170000,5790000,60000,300000,0,780000,600000,3990000,-7270000,2080000,1570000,1100000,5880000,140000,310000,0,750000,660000,,
Cuba,Caribbean,North and Central America,country,23.0131338,-80.8328748,41860,2018,11338146,3.69,0,0.59,0.14,0.24,0,0,0,0,0,0.03,0,11120000,-3040000,3130000,1090000,11570000,1490000,11560000,630000,1940000,3110000,1800000,10680000,-3010000,3140000,1130000,8720000,1630000,11270000,650000,1920000,3340000,1860000,10670000,-3040000,3160000,1170000,8470000,1790000,10660000,670000,1930000,3340000,1730000,,
Cayman Islands,Caribbean,North and Central America,country,19.70318225,-79.91746272,0,1985,19460, -   ,NA,NA,NA,NA,NA,NA,NA,NA,NA,NA,NA,NA,NA,NA,NA,NA,NA,NA,NA,NA,NA,NA,NA,NA,NA,NA,NA,NA,NA,NA,NA,NA,NA,NA,NA,NA,NA,NA,NA,NA,NA,NA,NA,NA,,
Cyprus,Middle East,Asia,country,34.9823018,33.1451285,8600,2018,1189262,7.23,0,0.91,0,0,0,0,0,0.03,0.04,0.01,0,400000,-250000,550000,1240000,600000,1910000,3210000,440000,0,190000,1710000,410000,-250000,550000,1260000,620000,1980000,3220000,450000,0,190000,1710000,420000,-250000,550000,1240000,560000,1990000,3270000,390000,0,190000,1800000,,
Czech Republic,Central Europe and Baltics,Europe,country,49.8167003,15.4749544,122840,2018,10629928,11.56,0.51,0,0.04,0,0.33,0.02,0,0.03,0.01,0.06,0,7120000,-5820000,4730000,5380000,11440000,18000000,59160000,11230000,3870000,3160000,940000,6800000,-5810000,4710000,5190000,12210000,18540000,58090000,11470000,3890000,3210000,1060000,6690000,-5820000,4690000,4970000,12440000,18670000,57630000,10720000,3920000,3100000,1220000,,
Germany,Central Europe and Baltics,Europe,country,51.0834196,10.4234469,806090,2018,82905782,9.72,0.39,0.01,0.14,0,0.12,0.03,0,0.06,0.16,0.09,0,62290000,-29470000,9480000,26150000,93220000,161020000,345940000,133200000,7510000,11340000,34820000,60960000,-29470000,9060000,26120000,95140000,163490000,327740000,131570000,7510000,11070000,35890000,58300000,-29480000,8630000,25340000,99330000,158300000,310350000,120820000,7510000,17520000,34900000,,
Djibouti,Sub-Saharan Africa,Africa,country,11.8145966,42.8453061,1480,2018,958923,1.54,NA,NA,NA,NA,NA,NA,NA,NA,NA,NA,NA,720000,0,190000,180000,20000,140000,70000,70000,0,90000,320000,710000,0,190000,180000,20000,140000,40000,70000,0,90000,320000,710000,0,200000,190000,30000,150000,50000,80000,0,90000,340000,,
Dominica,Caribbean,North and Central America,country,19.0974031,-70.3028026,240,2018,71626,3.35,NA,NA,NA,NA,NA,NA,NA,NA,NA,NA,NA,40000,-10000,30000,0,10000,60000,100000,10000,0,10000,10000,40000,-10000,30000,0,10000,60000,90000,10000,0,10000,10000,40000,-10000,30000,0,10000,60000,90000,10000,0,10000,10000,,
Denmark,Nordic Countries,Europe,country,55.670249,10.3333283,45870,2018,5793636,7.92,0.2,0.01,0.06,0,0,0,0,0.02,0.48,0.23,0,10510000,860000,930000,1820000,3550000,12220000,13880000,2880000,330000,2210000,4920000,10470000,860000,900000,1870000,3720000,12460000,11520000,2800000,330000,2100000,4570000,10220000,860000,880000,1820000,3670000,12660000,11500000,2770000,300000,2060000,4890000,,
Dominican Republic,Caribbean,North and Central America,country,19.0974031,-70.3028026,39060,2018,10627147,3.68,0.13,0.43,0.29,0,0,0.12,0,0.01,0.02,0.01,0,8870000,-1560000,2610000,3060000,3190000,6630000,10950000,1560000,120000,800000,1550000,9030000,-1560000,2640000,3160000,3200000,6510000,10030000,1540000,110000,780000,1680000,9220000,-1560000,2680000,3260000,3120000,7170000,11140000,1560000,110000,800000,1700000,,
Algeria,North Africa,Africa,country,28.0000272,2.9999825,218910,2018,42228415,5.18,0,0,0.99,0,0,0,0,0.01,0,0,0,12430000,240000,13940000,16810000,10880000,45190000,47860000,21290000,37240000,4150000,2090000,12290000,480000,14210000,17090000,12020000,44690000,48090000,22400000,36220000,4850000,2070000,12320000,200000,14480000,17370000,12730000,45460000,48560000,26340000,35930000,5730000,2070000,,
Ecuador,South America (region),South America (continent),country,-1.3397668,-79.3666965,65680,2018,17084359,3.84,0,0.2,0.1,0,0,0.69,0,0,0,0.02,0,12740000,26160000,11650000,2940000,2210000,17100000,9340000,3570000,1300000,4170000,1780000,12780000,26150000,11840000,3000000,2100000,18200000,6900000,3610000,1210000,4420000,1980000,12390000,26160000,12030000,3060000,2360000,18490000,7440000,3740000,1120000,5040000,3020000,,
Egypt,North Africa,Africa,country,26.2540493,29.2675469,329220,2018,98423602,3.34,0,0.13,0.78,0,0,0.07,0,0,0.01,0,0,31230000,180000,26840000,30240000,34620000,57400000,99180000,16690000,14530000,5060000,1560000,30200000,180000,27400000,29820000,35260000,55710000,106140000,16780000,14110000,4940000,2330000,30580000,180000,27970000,30920000,41120000,53880000,108870000,17030000,14070000,4780000,2610000,,
Eritrea,Sub-Saharan Africa,Africa,country,15.9500319,37.9999668,7480,2018,0,#DIV/0!,0,1,0,0,0,0,0,0,0,0,0,4590000,450000,590000,130000,20000,190000,310000,70000,0,1360000,30000,4580000,450000,600000,140000,20000,230000,330000,70000,0,1380000,30000,4610000,450000,620000,140000,20000,240000,390000,70000,0,1400000,30000,,
Spain,Western Europe,Europe,country,39.3260685,-4.8379791,326940,2018,46797754,6.99,0.17,0.06,0.23,0,0.21,0.07,0,0.03,0.18,0.05,0,40250000,-13860000,13020000,19790000,28450000,88300000,86510000,27850000,1370000,10300000,36170000,40840000,-13820000,13060000,19140000,32020000,91160000,98660000,25250000,1370000,10680000,34630000,41360000,-13880000,13100000,18450000,33620000,92310000,89940000,25460000,1370000,11330000,36220000,,
Estonia,Central Europe and Baltics,Europe,country,58.7523778,25.3319078,18610,2018,1321977,14.08,0.06,0.01,0,0.78,0,0,0,0,0.06,0.09,0,1810000,1940000,270000,430000,630000,2350000,11710000,450000,20000,620000,1000000,1850000,1930000,260000,530000,620000,2430000,12170000,430000,20000,610000,1170000,1840000,1950000,250000,520000,660000,2460000,11820000,430000,20000,610000,1140000,,
Ethiopia,Sub-Saharan Africa,Africa,country,10.2116702,38.6521203,172230,2018,109224410,1.58,0,0,0,0,0,0.93,0,0.01,0.06,0,0,109990000,32730000,4720000,3770000,4280000,5740000,0,750000,0,37950000,1880000,112290000,32730000,4810000,3820000,4260000,6430000,0,480000,0,38530000,2170000,112450000,32440000,4900000,3880000,4550000,6870000,0,500000,0,39080000,2320000,,
Finland,Nordic Countries,Europe,country,63.2467777,25.9209164,54490,2018,5515525,9.88,0.1,0,0.05,0.04,0.33,0.22,0,0,0.07,0.18,0.01,6000000,6620000,2020000,2220000,7380000,11910000,21720000,2160000,30000,2810000,2820000,5930000,6700000,1950000,2170000,7290000,11310000,19840000,2070000,30000,2730000,3150000,5920000,6940000,1880000,2070000,7580000,11510000,20910000,1960000,30000,2620000,3350000,,
Fiji,Oceania (region),Oceania (continent),country,-18.1239696,179.0122737,2820,2018,883490,3.19,NA,NA,NA,NA,NA,NA,NA,NA,NA,NA,NA,350000,-2540000,130000,160000,280000,920000,330000,120000,0,330000,430000,380000,-2540000,130000,160000,280000,940000,380000,110000,0,350000,460000,370000,-2540000,130000,170000,290000,990000,400000,120000,0,360000,480000,,
France,Western Europe,Europe,country,46.603354,1.8883335,423350,2018,67101930,6.31,0.03,0.01,0.07,0,0.72,0.09,0,0.02,0.04,0.02,0,74780000,-61980000,14960000,27270000,43480000,127700000,54920000,68120000,1300000,17480000,21460000,74980000,-61920000,14870000,25740000,42470000,128140000,59590000,67980000,1300000,17310000,22170000,73830000,-61980000,14780000,24350000,40080000,125420000,61750000,64420000,1310000,17400000,23310000,,
"Micronesia, Fed. Sts.",Oceania (region),Oceania (continent),country,NA,NA,260,2017,111461,2.33,NA,NA,NA,NA,NA,NA,NA,NA,NA,NA,NA,60000,-30000,10000,0,0,100000,70000,0,0,10000,40000,60000,-30000,10000,0,0,100000,70000,0,0,10000,40000,70000,-30000,10000,0,0,100000,80000,0,0,10000,40000,,
Gabon,Sub-Saharan Africa,Africa,country,-0.8999695,11.6899699,7460,2018,2119275,3.52,0,0.09,0.51,0,0,0.39,0,0,0,0,0,560000,6490000,700000,1170000,1230000,850000,1010000,320000,2350000,180000,790000,610000,6510000,710000,1280000,490000,200000,1600000,210000,2280000,140000,510000,510000,6500000,730000,1390000,500000,210000,1610000,210000,2170000,140000,530000,,
United Kingdom,Western Europe,Europe,country,54.7023545,-3.2765753,452080,2018,66460344,6.8,0.07,0,0.41,0,0.21,0.02,0,0.03,0.15,0.11,0,50700000,-10960000,18160000,21520000,32070000,121630000,125940000,86600000,7440000,11180000,40800000,50700000,-10960000,17780000,20260000,32980000,122090000,114600000,84050000,7450000,11290000,41900000,50700000,-10960000,17390000,19140000,31960000,120660000,106640000,87010000,7420000,11160000,42800000,,
Georgia,"Eastern Europe, Balkans, Caucasus",Europe,country,32.3293809,-83.1137366,16900,2018,3726549,4.54,0,0,0.19,0,0,0.8,0,0,0.01,0,0,2350000,0,3210000,1810000,1540000,4290000,1060000,1990000,970000,160000,220000,2210000,0,3210000,1810000,1700000,3870000,1100000,2210000,930000,160000,290000,2130000,0,3200000,1800000,1790000,3760000,1010000,2160000,900000,150000,320000,,
Ghana,Sub-Saharan Africa,Africa,country,8.0300284,-1.0800271,44500,2018,29767108,1.49,0,0,0.46,0.14,0,0.4,0,0,0,0,0,9950000,-24850000,3470000,2070000,1680000,7300000,2860000,740000,5640000,7560000,410000,10210000,-24900000,3560000,2170000,2040000,7090000,2730000,930000,6390000,7820000,520000,9730000,-24890000,3640000,2280000,2310000,8060000,2940000,1030000,6640000,7880000,630000,,
Gibraltar,Western Europe,Europe,country,36.140807,-5.3541295,101,1980,30068,3.37,0,1,0,0,0,0,0,0,0,0,0,NA,NA,NA,NA,NA,NA,NA,NA,NA,NA,NA,NA,NA,NA,NA,NA,NA,NA,NA,NA,NA,NA,NA,NA,NA,NA,NA,NA,NA,NA,NA,NA,NA,,
Guinea,Sub-Saharan Africa,Africa,country,10.7226226,-10.7083587,28890,2018,12414292,2.33,NA,NA,NA,NA,NA,NA,NA,NA,NA,NA,NA,19830000,12360000,1970000,1110000,600000,1260000,910000,60000,0,2870000,80000,19680000,12300000,2030000,1230000,650000,1270000,1000000,60000,0,2900000,80000,19400000,12280000,2090000,1340000,680000,1330000,1050000,60000,0,2940000,90000,,
The Gambia,Sub-Saharan Africa,Africa,country,13.470062,-15.4900464,2790,2018,2280092,1.22,NA,NA,NA,NA,NA,NA,NA,NA,NA,NA,NA,1260000,530000,350000,100000,140000,80000,230000,0,0,500000,50000,1270000,530000,360000,110000,140000,80000,230000,0,0,510000,50000,1290000,530000,380000,120000,150000,90000,250000,0,0,520000,50000,,
Guinea-Bissau,Sub-Saharan Africa,Africa,country,12.100035,-14.9000214,2800,2018,1874304,1.49,NA,NA,NA,NA,NA,NA,NA,NA,NA,NA,NA,1870000,1720000,100000,130000,0,100000,30000,30000,0,380000,40000,1940000,1650000,110000,150000,0,100000,30000,30000,0,380000,40000,1970000,1640000,110000,160000,0,110000,30000,30000,0,400000,40000,,
Equatorial Guinea,Sub-Saharan Africa,Africa,country,1.613172,10.5170357,19270,2018,1308966,14.72,0,0,0.68,0,0,0.32,0,0,0,0,0,20000,3830000,210000,270000,2220000,1030000,940000,230000,14070000,150000,190000,20000,3830000,220000,300000,2760000,980000,860000,220000,13200000,140000,190000,20000,3830000,230000,320000,3890000,930000,850000,210000,12690000,140000,190000,,
Greece,"Eastern Europe, Balkans, Caucasus",Europe,country,38.9953683,21.9877132,84750,2018,10732882,7.9,0.34,0.1,0.31,0,0,0.07,0,0.07,0.1,0.01,0,7640000,1420000,4540000,10170000,6480000,17160000,33060000,5540000,820000,1500000,8160000,7730000,1400000,4560000,9630000,5270000,16880000,34720000,5400000,830000,1500000,9820000,7880000,1390000,4590000,9190000,5080000,17170000,33860000,4650000,840000,1490000,10300000,,
Grenada,Caribbean,North and Central America,country,12.1360374,-61.6904045,2360,2018,111449,21.18,NA,NA,NA,NA,NA,NA,NA,NA,NA,NA,NA,20000,0,2000000,10000,0,100000,140000,40000,0,0,20000,20000,0,2010000,10000,0,100000,150000,40000,0,0,20000,20000,0,2020000,20000,0,110000,160000,40000,0,0,30000,,
Guatemala,Central America,North and Central America,country,15.6871007,-90.12265453,35400,2018,16346950,2.17,0.26,0.03,0,0,0,0.45,0.02,0.02,0.02,0.19,0,9940000,3470000,1860000,1730000,2040000,7890000,5210000,970000,10000,4670000,1460000,10090000,3440000,1900000,1770000,1950000,8150000,4120000,940000,10000,4660000,1610000,10150000,3290000,1940000,1800000,1950000,8510000,5420000,980000,10000,4650000,1620000,,
Guam,Oceania (region),Oceania (continent),country,13.4501257,144.757551,60,1989,127525,0.47,NA,NA,NA,NA,NA,NA,NA,NA,NA,NA,NA,NA,NA,NA,NA,NA,NA,NA,NA,NA,NA,NA,NA,NA,NA,NA,NA,NA,NA,NA,NA,NA,NA,NA,NA,NA,NA,NA,NA,NA,NA,NA,NA,NA,,
Guyana,South America (region),South America (continent),country,4.8417097,-58.6416891,5040,2018,779007,6.47,NA,NA,NA,NA,NA,NA,NA,NA,NA,NA,NA,2080000,14120000,160000,70000,600000,760000,840000,110000,0,100000,60000,2180000,14080000,160000,80000,590000,760000,860000,110000,0,100000,70000,2250000,14090000,160000,90000,620000,780000,930000,110000,0,100000,60000,,
Hong Kong,East Asia,Asia,country,22.2793278,114.1628131,36449,1989,5686200,6.41,0.63,0.01,0.36,0,0,0,0,0,0,0,0,NA,NA,NA,NA,NA,NA,NA,NA,NA,NA,NA,NA,NA,NA,NA,NA,NA,NA,NA,NA,NA,NA,NA,NA,NA,NA,NA,NA,NA,NA,NA,NA,NA,,
Honduras,Central America,North and Central America,country,15.2572432,-86.0755145,22400,2018,9587523,2.34,0.06,0.36,0,0,0,0.33,0.01,0.1,0.06,0.08,0,6890000,5870000,2820000,1740000,1430000,4020000,2830000,320000,20000,1440000,270000,6950000,5630000,2870000,1830000,1230000,3920000,2570000,550000,20000,1360000,410000,7140000,5740000,2920000,1920000,1130000,4100000,3000000,630000,20000,1530000,390000,,
Croatia,"Eastern Europe, Balkans, Caucasus",Europe,country,45.5643442,17.0118954,22550,2018,4087843,5.52,0.12,0.02,0.26,0,0,0.45,0,0.01,0.1,0.04,0,2570000,-4340000,1830000,1670000,2180000,6070000,4830000,2130000,200000,1250000,380000,2710000,-4340000,1850000,1850000,2360000,6530000,4490000,2170000,200000,1240000,450000,2790000,-4340000,1860000,1820000,2370000,6300000,3880000,2080000,200000,1250000,610000,,
Haiti,Caribbean,North and Central America,country,19.1399952,-72.3570972,9930,2018,11123183,0.89,0,0.88,0,0,0,0.12,0,0,0,0,0,4440000,630000,1420000,340000,600000,1420000,1000000,270000,0,400000,70000,4440000,630000,1450000,360000,610000,1440000,930000,270000,0,400000,70000,4460000,630000,1470000,390000,620000,1460000,860000,270000,0,400000,70000,,
Hungary,Central Europe and Baltics,Europe,country,47.1817585,19.5060937,60920,2018,9775564,6.23,0.16,0,0.24,0,0.49,0.01,0,0.01,0.02,0.07,0,7400000,1900000,3360000,2700000,5860000,12190000,13890000,10270000,710000,2570000,570000,7430000,1900000,3310000,2660000,6490000,12840000,14350000,10630000,710000,2460000,660000,7790000,1890000,3260000,2540000,6810000,13580000,13690000,9980000,720000,2540000,820000,,
Indonesia,Southeast Asia,Asia,country,-2.4833826,117.8902853,969580,2018,267670549,3.62,0.58,0.08,0.22,0,0,0.07,0.05,0,0,0,0,190770000,586870000,129470000,34580000,84220000,133640000,206450000,23100000,32850000,31290000,5310000,196080000,553630000,131650000,36190000,99550000,141680000,218730000,24970000,30940000,32650000,5660000,200240000,734280000,133840000,37340000,114440000,154010000,243360000,25120000,29930000,31310000,5770000,,
India,South Asia,Asia,country,22.3511148,78.6677428,3374990,2018,1352642283,2.5,0.74,0.02,0.05,0,0.03,0.09,0,0.02,0.03,0.03,0,703630000,-29860000,80980000,130610000,525100000,269400000,1097810000,111860000,55280000,128450000,16370000,709500000,-27100000,82070000,130520000,558990000,291230000,1157770000,113750000,54940000,131140000,17110000,718700000,-28360000,83170000,148540000,571380000,305330000,1241340000,118840000,54410000,133280000,18530000,,
Ireland,Western Europe,Europe,country,52.865196,-7.9794599,65090,2018,4867316,13.37,0.12,0,0.51,0.07,0,0.02,0,0,0.24,0.03,0,24370000,-2790000,910000,3100000,3930000,11940000,12860000,7640000,40000,1090000,3020000,25000000,-2790000,910000,3060000,3970000,11670000,12010000,7480000,40000,1120000,3450000,25350000,-2790000,910000,2980000,4150000,11870000,10570000,8060000,40000,1160000,3700000,,
Iran,Middle East,Asia,country,32.6475314,54.5643516,828280,2018,81800204,10.13,0,0.09,0.84,0,0.02,0.05,0,0,0,0,0,33350000,60000,45420000,30720000,91870000,130240000,190740000,132790000,122440000,18390000,8520000,32390000,60000,46040000,31430000,96770000,134830000,201580000,124610000,127680000,19400000,6500000,32740000,60000,46650000,32140000,98950000,139230000,201290000,127410000,129850000,20030000,6430000,,
Iraq,Middle East,Asia,country,33.0955793,44.1749775,215690,2018,38433604,5.61,0,0.29,0.37,0.33,0,0.02,0,0,0,0,0,6570000,500000,10660000,9390000,8790000,25260000,96300000,8050000,30500000,1770000,2990000,7230000,500000,10990000,9910000,9400000,28750000,92330000,8980000,31410000,1800000,2930000,7390000,500000,11320000,10430000,11010000,33650000,99550000,9100000,31410000,1840000,2880000,,
Iceland,Nordic Countries,Europe,country,64.9841821,-18.1059013,3440,2018,352721,9.75,0,0,0,0,0,0.73,0.27,0,0,0,0,650000,-80000,230000,290000,560000,930000,10000,10000,0,630000,1080000,660000,-80000,220000,300000,570000,1000000,10000,10000,0,640000,1310000,650000,-80000,220000,310000,600000,1020000,0,10000,0,630000,1490000,,
Israel,Middle East,Asia,country,31.5313113,34.8667654,87830,2018,8882800,9.89,0.33,0.01,0.63,0,0,NA,0,0.02,0,0,0,1530000,80000,8020000,13340000,3910000,17490000,39830000,690000,3340000,1270000,3390000,1570000,80000,8180000,13990000,4780000,17880000,39240000,700000,3380000,1340000,4010000,1600000,80000,8340000,14640000,4200000,18040000,35650000,670000,3380000,1310000,4380000,,
Italy,Central Europe and Baltics,Europe,country,42.6384261,12.674297,399600,2018,60421760,6.61,0.12,0.04,0.48,0,0,0.12,0.02,0.08,0.06,0.07,0,32440000,-12810000,17470000,23680000,34650000,101710000,118190000,63650000,4790000,14870000,16990000,32350000,-12760000,17230000,22610000,31920000,97610000,121190000,63460000,4710000,14680000,17650000,31970000,-12810000,16990000,21510000,32260000,100200000,113380000,63580000,4630000,15080000,20230000,,
Jamaica,Caribbean,North and Central America,country,18.1850507,-77.3947693,9230,2016,2906242,3.18,0,0.74,0.09,0,0,0.04,0,0.01,0.07,0.06,0,590000,180000,530000,670000,2310000,1870000,2810000,330000,0,130000,1400000,580000,180000,530000,650000,1880000,2010000,2570000,350000,0,130000,1480000,560000,180000,540000,630000,2920000,2310000,2550000,370000,0,130000,1590000,,
Jordan,Middle East,Asia,country,31.1667049,36.941628,35810,2018,9965322,3.59,0,0.13,0.8,0,0,0,0,0.04,0.02,0,0,1320000,0,5250000,4870000,2160000,8300000,10230000,1920000,260000,770000,1290000,1230000,0,5410000,5230000,1640000,9120000,10500000,2420000,260000,930000,1590000,1190000,0,5570000,5580000,1620000,9010000,9530000,2020000,260000,1040000,1250000,,
Japan,East Asia,Asia,country,36.5748441,139.2394179,1186770,2018,126529100,9.38,0.33,0.06,0.38,0.01,0.03,0.08,0,0.05,0.01,0.04,0.02,21510000,-32050000,7040000,73750000,197980000,208900000,608590000,111560000,2300000,26100000,34860000,21500000,-32050000,6920000,71590000,196800000,207070000,589350000,115440000,2300000,24400000,34900000,21560000,-32050000,6800000,67970000,191680000,204560000,561860000,106110000,2300000,23920000,36250000,,
Kazakhstan,Central Asia,Asia,country,47.2286086,65.2093197,274220,2018,18276452,15,0.69,0.01,0.19,0,0,0.11,0,0,0,0,0,23070000,-2980000,5450000,4800000,42160000,15910000,125000000,31220000,22480000,4430000,1410000,29650000,-2980000,5520000,5040000,42350000,15330000,123880000,34960000,22130000,4740000,1510000,25440000,-2980000,5580000,5110000,36780000,17410000,120810000,36840000,21590000,4650000,1900000,,
Kenya,Sub-Saharan Africa,Africa,country,1.4419683,38.4313975,78830,2018,51392570,1.53,0,0.2,0,0,0,0.31,0.47,0,0,0.01,0,45760000,-7620000,1280000,4010000,4120000,8910000,1840000,1230000,20000,12390000,2110000,42490000,-7620000,1310000,4160000,4040000,8690000,1900000,1490000,20000,12640000,2220000,44700000,-7620000,1350000,4320000,3190000,9290000,1900000,1230000,20000,12840000,2300000,,
Kyrgyzstan,Central Asia,Asia,country,41.5089324,74.724091,18120,2018,6322800,2.87,0.07,0,0.01,0,0,0.92,0,0,0,0,0,5110000,-3270000,770000,670000,900000,3320000,1830000,2760000,230000,930000,320000,5190000,-3270000,770000,660000,860000,1860000,1500000,4580000,230000,580000,60000,5430000,-3270000,780000,650000,1190000,1520000,1580000,6110000,230000,640000,20000,,
Cambodia,Southeast Asia,Asia,country,13.5066394,104.869423,37460,2018,16249795,2.31,0.56,0.04,0,0,0,0.39,0,0,0,0.01,0,20900000,33340000,540000,1200000,670000,5010000,2990000,480000,0,3620000,260000,21670000,32970000,550000,1320000,660000,5270000,4140000,560000,0,3670000,330000,21310000,31690000,560000,1450000,720000,5770000,3300000,610000,0,3750000,360000,,
Kiribati,Oceania (region),Oceania (continent),country,0.3448612,173.6641773,90,2008,98760,0.91,NA,NA,NA,NA,NA,NA,NA,NA,NA,NA,NA,10000,0,20000,0,0,30000,30000,10000,0,10000,0,10000,0,20000,0,0,30000,30000,10000,0,10000,0,10000,0,20000,0,0,30000,30000,10000,0,10000,0,,
St. Kitts and Nevis,Caribbean,North and Central America,country,17.250512,-62.6725973,370,2018,52438,7.06,NA,NA,NA,NA,NA,NA,NA,NA,NA,NA,NA,10000,0,80000,10000,0,80000,160000,10000,0,10000,20000,10000,0,80000,10000,0,80000,150000,10000,0,10000,20000,10000,0,80000,10000,10000,80000,160000,10000,0,10000,20000,,
South Korea,East Asia,Asia,country,36.638392,127.6961188,718880,2018,51606633,13.93,0.45,0.02,0.22,0,0.26,0.01,0,0.01,0,0.01,0,13970000,-45800000,10010000,72450000,73000000,101310000,356660000,51340000,5200000,12970000,48780000,13980000,-45800000,9820000,75140000,71830000,103470000,365160000,51900000,5200000,13840000,47980000,14180000,-45800000,9620000,77850000,71970000,101660000,373700000,51090000,5210000,13600000,46670000,,
Kuwait,Middle East,Asia,country,29.2733964,47.4979476,112970,2018,4137314,27.31,0,0.66,0.34,0,0,0,0,0,0,0,0,490000,0,2280000,14780000,11680000,14210000,61400000,800000,3900000,310000,5780000,510000,0,2360000,16430000,12500000,15020000,59640000,890000,3790000,320000,5930000,520000,0,2440000,18090000,10620000,15870000,60380000,930000,3810000,330000,5920000,,
Laos,Southeast Asia,Asia,country,20.0171109,103.378253,29270,2018,7061498,4.15,0.35,0,0,0,0,0.65,0,0,0,0,0,9940000,11250000,210000,1050000,530000,2990000,10870000,20000,10000,550000,120000,9810000,9560000,210000,1070000,560000,3040000,13920000,40000,10000,550000,110000,9580000,9360000,210000,1090000,630000,3120000,14040000,40000,10000,550000,170000,,
Lebanon,Middle East,Asia,country,33.8750629,35.843409,33790,2016,6714281,5.03,0,0.98,0,0,0,0.02,0,0,0,0,0,800000,-80000,2930000,4490000,1080000,8860000,14670000,710000,0,250000,780000,820000,-80000,3000000,4740000,1150000,9330000,15670000,700000,0,190000,860000,800000,-80000,3070000,5000000,1160000,8110000,15340000,680000,0,180000,840000,,
Liberia,Sub-Saharan Africa,Africa,country,5.7499721,-9.3658524,9200,2018,4818976,1.91,NA,NA,NA,NA,NA,NA,NA,NA,NA,NA,NA,530000,13500000,120000,330000,110000,870000,310000,0,0,6800000,50000,500000,13500000,130000,360000,100000,760000,280000,0,0,6890000,40000,500000,13460000,130000,380000,100000,800000,300000,0,0,6990000,40000,,
Libya,North Africa,Africa,country,26.8234472,18.1236723,103040,2018,6678565,15.43,0,0.38,0.62,0,0,0,0,0,0,0,0,2920000,0,1620000,4090000,3940000,18280000,20440000,1190000,33270000,870000,430000,2940000,0,1650000,4450000,4630000,17240000,21840000,1240000,41700000,880000,860000,2970000,0,1670000,4820000,5030000,16770000,22660000,1180000,47050000,900000,1050000,,
St. Lucia,Caribbean,North and Central America,country,13.8250489,-60.975036,740,2018,181890,4.07,NA,NA,NA,NA,NA,NA,NA,NA,NA,NA,NA,40000,-150000,260000,40000,0,70000,250000,30000,0,0,20000,40000,-150000,260000,40000,0,90000,260000,30000,0,0,20000,40000,-150000,260000,40000,0,90000,270000,30000,0,0,20000,,
Liechtenstein,Central Europe and Baltics,Europe,country,47.1416307,9.5531527,260,1998,32306,8.05,NA,NA,NA,NA,NA,NA,NA,NA,NA,NA,NA,20000,0,0,10000,0,0,0,0,0,0,0,20000,0,0,10000,0,0,0,0,0,0,0,20000,0,0,10000,0,0,0,0,0,0,0,,
Sri Lanka,South Asia,Asia,country,7.5554942,80.7137847,35240,2018,21670000,1.63,0.32,0.39,0,0,0,0.25,0,0.01,0.02,0,0,6170000,1920000,3360000,1970000,1620000,9360000,8710000,800000,0,3300000,3570000,5120000,1910000,3390000,2170000,700000,10440000,9700000,950000,0,3440000,3530000,5820000,1910000,3420000,2370000,850000,9950000,8140000,1030000,0,3660000,3530000,,
Lesotho,Sub-Saharan Africa,Africa,country,-29.6039267,28.3350193,5850,2018,2108327,2.77,NA,NA,NA,NA,NA,NA,NA,NA,NA,NA,NA,1300000,0,250000,120000,1650000,510000,0,110000,0,1490000,0,1440000,0,260000,130000,1660000,640000,0,140000,0,1510000,0,1350000,0,260000,140000,1740000,680000,0,140000,0,1530000,0,,
Lithuania,Central Europe and Baltics,Europe,country,55.3500003,23.7499997,18840,2018,2801543,6.72,0,0.04,0.17,0,0,0.17,0,0.02,0.38,0.16,0.07,5160000,-620000,940000,1330000,1140000,5440000,2940000,1000000,300000,570000,800000,5110000,-620000,920000,1280000,1160000,5690000,2610000,1080000,300000,580000,870000,4920000,-630000,910000,1240000,1230000,6050000,2490000,1140000,300000,560000,1020000,,
Luxembourg,Western Europe,Europe,country,49.8158683,6.1296751,10220,2018,607950,16.81,0,0,0.25,0,0,0.1,0,0.12,0.26,0.28,0,660000,-280000,70000,420000,970000,5580000,270000,1610000,30000,150000,1520000,670000,-280000,80000,440000,940000,5690000,270000,1680000,30000,140000,1720000,650000,-280000,80000,430000,960000,6070000,240000,1620000,30000,130000,1840000,,
Latvia,Central Europe and Baltics,Europe,country,56.8406494,24.7537645,11660,2018,1927174,6.05,0,0,0.27,0,0,0.58,0,0,0.02,0.12,0,2840000,-2780000,670000,620000,640000,3080000,1880000,800000,120000,700000,1360000,2800000,-2780000,670000,690000,620000,3240000,1570000,820000,120000,720000,1240000,2720000,-2780000,670000,680000,710000,3240000,1960000,840000,120000,730000,580000,,
"Macao SAR, China",East Asia,Asia,country,22.3103085,113.9398901,547,1981,243373,2.25,NA,NA,NA,NA,NA,NA,NA,NA,NA,NA,NA,NA,NA,NA,NA,NA,NA,NA,NA,NA,NA,NA,NA,NA,NA,NA,NA,NA,NA,NA,NA,NA,NA,NA,NA,NA,NA,NA,NA,NA,NA,NA,NA,NA,,
Morocco,North Africa,Africa,country,31.1728205,-7.3362482,94290,2018,36029089,2.62,0.53,0.11,0.18,0,0,0.04,0,0,0.09,0.01,0.04,13700000,-1940000,4680000,8230000,7120000,17070000,21610000,6890000,3060000,6300000,2480000,15090000,-1940000,4740000,8260000,8130000,17670000,22520000,7090000,3100000,6490000,2590000,15350000,-1940000,4810000,8300000,8080000,18260000,22470000,7240000,3150000,6640000,2770000,,
Moldova,"Eastern Europe, Balkans, Caucasus",Europe,country,47.2879608,28.5670941,13180,2018,2708214,4.87,0,0,0.93,0,0,0.06,0,0,0,0,0,1620000,110000,1830000,560000,780000,2050000,3570000,1080000,740000,440000,100000,1660000,110000,1830000,740000,960000,2060000,3010000,1180000,730000,530000,150000,1710000,110000,1830000,740000,1080000,2100000,3260000,1200000,730000,530000,170000,,
Madagascar,Sub-Saharan Africa,Africa,country,-18.9249604,46.4416422,30570,2018,26262313,1.16,NA,NA,NA,NA,NA,NA,NA,NA,NA,NA,NA,23530000,10830000,860000,900000,530000,1220000,1230000,90000,0,2640000,150000,21730000,10940000,880000,980000,540000,1240000,1420000,120000,0,2720000,150000,22670000,10720000,910000,1060000,490000,1310000,1260000,120000,0,2750000,170000,,
Maldives,South Asia,Asia,country,4.7064352,73.3287853,1390,2013,415592,3.34,NA,NA,NA,NA,NA,NA,NA,NA,NA,NA,NA,0,0,130000,210000,50000,1000000,650000,60000,0,30000,260000,0,0,130000,260000,40000,1070000,650000,60000,0,30000,270000,0,0,140000,300000,50000,1120000,680000,60000,0,30000,290000,,
Mexico,North America (region),North and Central America,country,23.6585116,-102.0077097,679880,2018,126190782,5.39,0.1,0.12,0.59,0,0.03,0.1,0.02,0,0.03,0.01,0,95590000,15710000,45070000,38990000,61940000,155890000,196740000,21840000,41180000,25690000,13910000,96820000,16460000,45910000,39760000,68350000,151370000,194710000,21600000,33860000,25750000,14380000,96830000,15380000,46760000,40530000,66720000,156580000,193160000,21610000,31670000,26050000,15670000,,
Marshall Islands,Oceania (region),Oceania (continent),country,8.9995549,168.0002575,220,2017,58053,3.79,NA,NA,NA,NA,NA,NA,NA,NA,NA,NA,NA,0,0,30000,10000,0,100000,70000,0,0,0,10000,0,0,30000,10000,0,100000,70000,0,0,0,10000,0,0,30000,20000,0,110000,80000,0,0,0,10000,,
North Macedonia,"Eastern Europe, Balkans, Caucasus",Europe,country,41.6171214,21.7168387,10510,2018,2076217,5.06,0.6,0.02,0.15,0,0,0.2,0,0,0.02,0.01,0,1390000,0,1220000,500000,1030000,2040000,3580000,250000,260000,250000,50000,1380000,0,1240000,500000,870000,2120000,4140000,240000,260000,250000,60000,1340000,0,1270000,500000,950000,2110000,3610000,230000,260000,240000,70000,,
Mali,Sub-Saharan Africa,Africa,country,16.3700359,-2.2900239,43740,2018,19077755,2.29,0,0.56,0,0,0,0.42,0,0,0,0.02,0,32990000,0,570000,840000,440000,2530000,1240000,50000,0,2390000,190000,33330000,0,590000,920000,200000,2720000,1900000,50000,0,2430000,200000,34230000,0,610000,1010000,250000,2810000,2310000,60000,0,2470000,190000,,
Malta,Central Europe and Baltics,Europe,country,35.8885993,14.4476911,2040,2018,484630,4.21,0,0.12,0.78,0,0,0,0,0.09,0,0.01,0,90000,0,160000,260000,60000,590000,560000,130000,0,20000,6000000,80000,0,160000,240000,50000,610000,710000,130000,0,20000,7140000,90000,0,170000,230000,40000,670000,700000,110000,0,30000,7560000,,
Myanmar,Southeast Asia,Asia,country,17.1750495,95.9999652,119650,2018,53708318,2.23,0.06,0,0.37,0,0,0.56,0,0,0,0,0,78900000,111850000,5040000,1000000,3910000,4440000,7350000,980000,220000,7590000,290000,79570000,110320000,5100000,1000000,8230000,5940000,9230000,1500000,220000,8870000,230000,78380000,111970000,5150000,1000000,8520000,6130000,9760000,1450000,220000,9030000,230000,,
Montenegro,"Eastern Europe, Balkans, Caucasus",Europe,country,42.9868853,19.5180992,2590,1998,607662,4.26,0.55,0,0,0,0,0.41,0,0,0.04,0,0,430000,30000,280000,280000,170000,660000,1220000,60000,190000,130000,60000,420000,40000,280000,280000,210000,710000,1250000,50000,190000,130000,60000,410000,30000,280000,290000,200000,760000,1500000,50000,180000,130000,70000,,
Mongolia,East Asia,Asia,country,46.8250388,103.8499736,52620,2018,3170214,16.6,0.89,0.05,0,0,0,0.01,0,0,0.05,0,0,27520000,3110000,240000,370000,1430000,1770000,11720000,1630000,1400000,2010000,60000,29010000,3110000,240000,410000,1770000,2110000,12770000,1500000,1360000,1720000,90000,28890000,3100000,250000,450000,1960000,2170000,13560000,1690000,1310000,2350000,120000,,
Northern Mariana Islands,Oceania (region),Oceania (continent),country,14.1490205,145.2134525,5,1989,43542,0.11,NA,NA,NA,NA,NA,NA,NA,NA,NA,NA,NA,NA,NA,NA,NA,NA,NA,NA,NA,NA,NA,NA,NA,NA,NA,NA,NA,NA,NA,NA,NA,NA,NA,NA,NA,NA,NA,NA,NA,NA,NA,NA,NA,NA,,
Mozambique,Sub-Saharan Africa,Africa,country,-19.302233,34.9144977,35040,2018,29496009,1.19,0,0,0.17,0,0,0.83,0,0,0,0,0,16340000,75870000,3780000,1480000,780000,2540000,1290000,210000,2660000,2820000,150000,16360000,73980000,3890000,1530000,750000,2810000,1270000,220000,2730000,2860000,120000,18100000,75030000,4000000,1580000,850000,3560000,1270000,230000,2800000,2650000,30000,,
Mauritania,Sub-Saharan Africa,Africa,country,20.2540382,-9.2399263,14080,2018,4403312,3.2,NA,NA,NA,NA,NA,NA,NA,NA,NA,NA,NA,9800000,-1080000,150000,30000,670000,1200000,610000,160000,230000,410000,50000,9480000,-1080000,150000,30000,1050000,1810000,490000,210000,220000,480000,40000,9450000,-1080000,160000,30000,1110000,1900000,510000,220000,210000,490000,50000,,
Mauritius,Sub-Saharan Africa,Africa,country,-20.2759451,57.5703566,6740,2018,1265303,5.33,0.42,0.38,0,0,0,0.03,0,0.02,0,0.15,0,160000,-30000,1870000,410000,330000,1100000,2410000,190000,0,60000,1990000,150000,-30000,1890000,450000,330000,1120000,2540000,190000,0,60000,2450000,140000,-30000,1920000,490000,320000,1140000,2470000,200000,0,60000,2820000,,
Malawi,Sub-Saharan Africa,Africa,country,-13.2687204,33.9301963,18320,2018,18143215,1.01,NA,NA,NA,NA,NA,NA,NA,NA,NA,NA,NA,5920000,8790000,410000,940000,150000,790000,140000,10000,230000,7600000,20000,6340000,8450000,430000,1000000,150000,930000,140000,10000,240000,7710000,20000,7460000,8510000,440000,1070000,160000,980000,150000,10000,240000,7820000,20000,,
Malaysia,Southeast Asia,Asia,country,4.5693754,102.2656823,306670,2018,31528033,9.73,0.44,0.01,0.38,0,0,0.16,0,0,0,0.01,0,14910000,83700000,19940000,18690000,29630000,62890000,118490000,4190000,21860000,4260000,8100000,14730000,75270000,20280000,19290000,32450000,60570000,109340000,5370000,21480000,6230000,9240000,14140000,81440000,20620000,19880000,35470000,60830000,125360000,3380000,20730000,6260000,9100000,,
Namibia,Sub-Saharan Africa,Africa,country,-23.2335499,17.3231107,12890,2017,2402623,5.36,0.04,0,0,0,0,0.96,0,0,0,0,0,7300000,10560000,500000,620000,310000,2130000,80000,10000,0,1890000,120000,7320000,10560000,510000,640000,310000,2110000,90000,10000,0,1880000,120000,6410000,10560000,530000,670000,310000,2100000,30000,10000,0,1880000,120000,,
New Caledonia,Oceania (region),Oceania (continent),country,-21.3019905,165.4880773,0,1974,131000, -   ,NA,NA,NA,NA,NA,NA,NA,NA,NA,NA,NA,NA,NA,NA,NA,NA,NA,NA,NA,NA,NA,NA,NA,NA,NA,NA,NA,NA,NA,NA,NA,NA,NA,NA,NA,NA,NA,NA,NA,NA,NA,NA,NA,NA,,
Niger,Sub-Saharan Africa,Africa,country,17.7356214,9.3238432,45050,2018,22442831,2.01,0.41,0.58,0,0,0,0,0,0.01,0,0,0,27760000,1240000,6130000,570000,200000,1180000,500000,70000,620000,4300000,140000,29030000,1240000,6390000,620000,210000,1240000,520000,80000,590000,4360000,140000,30470000,1240000,6660000,680000,240000,1370000,570000,80000,570000,4420000,150000,,
Nigeria,Sub-Saharan Africa,Africa,country,9.6000359,7.9999721,311450,2018,195874685,1.59,0,0,0.83,0,0,0.17,0,0,0,0,0,75600000,46300000,13380000,21330000,6550000,51250000,23870000,1740000,55570000,35040000,2340000,75800000,46230000,13740000,22660000,6820000,51300000,25220000,1810000,58270000,35570000,2600000,76190000,46080000,14100000,23980000,7460000,67470000,26910000,1910000,57720000,35720000,3110000,,
Nicaragua,Central America,North and Central America,country,12.6090157,-85.2936911,19070,2018,6465502,2.95,0,0.44,0,0,0,0.1,0.17,0,0.14,0.15,0,11060000,19630000,1030000,800000,610000,2190000,1670000,590000,0,1090000,70000,10890000,19530000,1040000,850000,630000,2340000,1490000,620000,0,1090000,70000,11140000,19590000,1060000,890000,620000,2220000,1440000,620000,0,1090000,50000,,
Netherlands,Western Europe,Europe,country,52.2288689,5.3214503,178640,2018,17231624,10.37,0.29,0.01,0.51,0,0.03,0,0,0.02,0.09,0.05,0,20330000,1360000,3130000,3800000,25080000,30140000,71250000,24440000,610000,9380000,48850000,19410000,1360000,3010000,3680000,25960000,30780000,67770000,24240000,590000,9110000,48490000,18570000,1360000,2880000,3500000,25880000,30830000,63630000,23910000,560000,8880000,47170000,,
Norway,Nordic Countries,Europe,country,60.5000209,9.0999715,47340,2018,5311916,8.91,0,0,0.02,0,0,0.96,0,NA,0.02,0,0,5170000,-18960000,1190000,2800000,6020000,13760000,14710000,1140000,1580000,1620000,1880000,5160000,-18950000,1140000,2940000,6320000,12180000,14980000,1080000,1390000,1720000,2170000,5130000,-18920000,1090000,3000000,6170000,12530000,15020000,1370000,1380000,1640000,2310000,,
Nepal,South Asia,Asia,country,28.1083929,84.0917139,51240,2018,28095712,1.82,0,0,0,0,0,1,0,0,0,0,0,24870000,5190000,950000,900000,2780000,3900000,0,1150000,10000,12520000,430000,25380000,3480000,970000,910000,3190000,4850000,0,1320000,10000,12960000,420000,25740000,3330000,980000,920000,3410000,5360000,0,1520000,10000,13320000,410000,,
Nauru,Oceania (region),Oceania (continent),country,-0.5252306,166.9324426,110,1998,10567,10.41,NA,NA,NA,NA,NA,NA,NA,NA,NA,NA,NA,0,0,0,0,0,20000,30000,0,0,20000,30000,0,0,0,0,0,20000,30000,0,0,20000,30000,0,0,0,0,0,20000,40000,0,0,20000,30000,,
New Zealand,Oceania (region),Oceania (continent),country,-41.5000831,172.8344077,81330,2018,4900600,16.6,0.03,0,0.16,0,0,0.57,0.18,0,0.05,0.01,0,42610000,-10610000,3840000,2120000,6580000,14690000,6120000,1530000,1040000,1880000,4310000,42420000,-10610000,3860000,2130000,6470000,15670000,6970000,1610000,1040000,1900000,4620000,42300000,-10610000,3890000,2180000,6280000,16020000,6360000,1450000,1060000,1790000,4890000,,
Oman,Middle East,Asia,country,21.0000287,57.0036901,82300,2018,4829476,17.04,0,0.03,0.97,0,0,0,0,0,0,0,0,1700000,20000,1040000,3910000,14240000,12440000,23820000,11560000,6230000,2910000,5810000,1710000,20000,1060000,4150000,14080000,12360000,25100000,10870000,6240000,2920000,3970000,1750000,20000,1090000,4400000,13720000,12240000,25300000,15050000,6080000,2690000,8640000,,
Pakistan,South Asia,Asia,country,30.3308401,71.247499,431220,2018,212228288,2.03,0.08,0.22,0.37,0,0.08,0.21,0,0.01,0.02,0.01,0,175710000,7000000,8910000,21820000,46470000,49130000,49370000,20310000,13710000,3970000,2520000,182020000,7000000,9070000,23430000,52600000,53840000,55900000,20260000,13660000,3820000,2610000,186220000,7000000,9230000,25030000,55660000,56980000,59760000,20820000,13640000,3880000,2760000,,
Panama,Central America,North and Central America,country,8.559559,-81.1308434,18010,2018,4176868,4.31,0.02,0.27,0,0,0,0.66,0,0.01,0.04,0,0,3540000,4420000,2340000,1860000,1970000,4700000,2660000,540000,0,710000,14630000,3480000,4400000,2420000,1950000,1850000,4860000,2070000,570000,0,700000,16610000,3540000,4400000,2500000,2030000,1860000,4810000,1950000,620000,0,690000,16460000,,
Peru,South America (region),South America (continent),country,-6.8699697,-75.0458515,96280,2018,31989265,3.01,0.01,0.02,0.37,0,0,0.55,0,0.01,0.02,0.02,0,26100000,89910000,11050000,5050000,7770000,23150000,17640000,3320000,2870000,1090000,2490000,26430000,89830000,11220000,5140000,7750000,23480000,14790000,3420000,2720000,1090000,3650000,26170000,89900000,11390000,5230000,8120000,24180000,13440000,4060000,2680000,1020000,3710000,,
Philippines,Southeast Asia,Asia,country,12.7503486,122.7312101,232340,2018,106651394,2.18,0.5,0.04,0.22,0,0,0.1,0.11,0.01,0.01,0.01,0,59040000,2560000,13310000,16160000,16760000,33340000,56040000,7910000,630000,6310000,4040000,62160000,2480000,13540000,17420000,17790000,34380000,64120000,9300000,550000,6610000,5040000,61370000,2480000,13770000,18680000,15390000,35640000,70440000,10030000,550000,6480000,5130000,,
Palau,Oceania (region),Oceania (continent),country,5.3783537,132.9102573,220,1997,18016,12.21,NA,NA,NA,NA,NA,NA,NA,NA,NA,NA,NA,0,0,20000,10000,0,160000,90000,10000,0,0,60000,0,0,20000,10000,0,170000,100000,10000,0,0,60000,0,0,20000,10000,0,180000,100000,10000,0,0,60000,,
Papua New Guinea,Oceania (region),Oceania (continent),country,-5.6816069,144.2489081,22970,2018,8606324,2.67,NA,NA,NA,NA,NA,NA,NA,NA,NA,NA,NA,4450000,40880000,4440000,190000,1740000,2050000,3300000,160000,5410000,930000,270000,4530000,40860000,4530000,230000,1780000,2030000,3350000,160000,5350000,930000,240000,4770000,41120000,4630000,270000,1870000,2130000,2890000,170000,5290000,950000,250000,,
Poland,Central Europe and Baltics,Europe,country,52.215933,19.134422,389650,2018,37974750,10.26,0.78,0.01,0.06,0,0,0.02,0,0,0.09,0.04,0,31600000,-32880000,10240000,16350000,28130000,53260000,157790000,44430000,19530000,15860000,2620000,31940000,-32900000,10130000,16250000,30740000,61540000,159330000,43580000,19660000,16890000,3380000,32160000,-32910000,10030000,15680000,31260000,63480000,157460000,42680000,19790000,17120000,3850000,,
Puerto Rico,Caribbean,North and Central America,country,18.2214149,-66.4132818,2858,1989,3505650,0.82,NA,NA,NA,NA,NA,NA,NA,NA,NA,NA,NA,NA,NA,NA,NA,NA,NA,NA,NA,NA,NA,NA,NA,NA,NA,NA,NA,NA,NA,NA,NA,NA,NA,NA,NA,NA,NA,NA,NA,NA,NA,NA,NA,NA,,
North Korea,East Asia,Asia,country,40.3736611,127.0870417,41910,2018,25549606,1.64,0.16,0.05,0,0,0,0.78,0,0,0,0,0,4920000,3290000,1480000,5680000,16460000,1450000,4470000,120000,12360000,6530000,0,4960000,3320000,1490000,5810000,11470000,1400000,3310000,120000,12430000,5030000,0,4910000,3380000,1490000,5930000,8430000,1390000,2920000,120000,12500000,4210000,0,,
Portugal,Western Europe,Europe,country,40.0332629,-7.8896263,66820,2018,10283822,6.5,0.25,0.02,0.33,0,0,0.1,0,0.02,0.21,0.06,0,7080000,430000,6410000,5500000,5340000,16350000,20870000,2740000,70000,2020000,5890000,7330000,820000,6380000,5510000,5670000,16700000,24500000,2740000,70000,2050000,6330000,7020000,320000,6350000,5280000,5540000,16820000,20830000,2850000,70000,2060000,6680000,,
Paraguay,South America (region),South America (continent),country,-23.3165935,-58.1693445,49170,2018,6956069,7.07,0,0,0,0,0,1,0,0,0,0,0,30600000,46110000,7530000,1730000,190000,6400000,0,210000,0,1400000,130000,32030000,46560000,7630000,1840000,180000,7260000,0,220000,0,1390000,170000,30030000,46120000,7720000,1960000,220000,7620000,0,230000,0,1390000,200000,,
French Polynesia,Oceania (region),Oceania (continent),country,-16.03442485,-146.0490931,0,1979,148734, -   ,NA,NA,NA,NA,NA,NA,NA,NA,NA,NA,NA,NA,NA,NA,NA,NA,NA,NA,NA,NA,NA,NA,NA,NA,NA,NA,NA,NA,NA,NA,NA,NA,NA,NA,NA,NA,NA,NA,NA,NA,NA,NA,NA,NA,,
Qatar,Middle East,Asia,country,25.3336984,51.2295295,99830,2018,2781682,35.89,0,0,1,0,0,0,0,0,0,0,0,480000,0,1030000,2930000,16470000,13180000,51830000,400000,4150000,4230000,5480000,530000,0,1080000,2950000,17520000,13450000,52950000,410000,4140000,4300000,8760000,330000,0,1140000,2980000,21200000,11730000,53650000,420000,4010000,4370000,9120000,,
Romania,"Eastern Europe, Balkans, Caucasus",Europe,country,45.9852129,24.6859225,109010,2018,19473970,5.6,0.26,0.01,0.17,0,0.18,0.23,0,0.03,0.12,0.01,0,15480000,-22880000,5780000,5490000,11660000,16490000,29970000,8320000,9720000,2940000,860000,15590000,-22870000,5730000,5500000,11810000,17620000,30780000,8730000,9550000,3250000,980000,15590000,-22880000,5690000,5380000,12520000,18110000,29810000,9030000,9390000,3500000,420000,,
Russian Federation,"Eastern Europe, Balkans, Caucasus",Europe,country,64.6863136,97.7453061,2543400,2018,144477859,17.6,0.16,0.01,0.47,0,0.19,0.17,0,0,0,0,0,96220000,-551830000,115750000,55270000,259780000,240200000,840130000,156310000,684160000,22280000,48160000,95540000,-554890000,116480000,54910000,262090000,246060000,835580000,178410000,682360000,22710000,52970000,95990000,-551320000,117210000,54580000,250550000,258860000,844670000,217990000,680560000,22990000,53800000,,
Rwanda,Sub-Saharan Africa,Africa,country,-1.9646631,30.0644358,6170,2018,12301969,0.5,NA,NA,NA,NA,NA,NA,NA,NA,NA,NA,NA,3410000,1680000,290000,320000,0,0,0,0,0,1090000,0,3430000,1670000,300000,330000,0,0,0,0,0,1110000,0,3440000,1650000,310000,350000,0,0,0,0,0,1120000,0,,
Saudi Arabia,Middle East,Asia,country,25.6242618,42.3528328,585810,2013,30052058,19.49,0,0.12,0.64,0.24,0,0,0,0,0,0,0,6390000,0,26670000,88210000,122860000,146450000,253620000,4860000,13210000,1900000,19430000,6260000,0,27360000,90610000,124900000,142910000,243910000,4910000,13290000,1940000,20430000,6310000,0,28060000,96750000,125120000,136020000,225440000,5080000,13370000,1970000,21940000,,
Sudan,Sub-Saharan Africa,Africa,country,14.5844444,29.4917691,109630,2018,41801532,2.62,0,0.23,0,0.17,0,0.6,0,0,0,0,0,75280000,21010000,3540000,2350000,1690000,11160000,4950000,590000,20000,9440000,670000,75030000,21010000,3630000,2440000,1580000,11060000,5100000,590000,20000,9470000,760000,75590000,21010000,3720000,2520000,1480000,10800000,5320000,590000,20000,9580000,740000,,
Senegal,Sub-Saharan Africa,Africa,country,14.4750607,-14.4529612,29990,2018,15854324,1.89,0,0.86,0.02,0,0,0.07,0,0.03,0,0.01,0.01,11340000,4380000,3830000,3080000,1730000,2960000,3020000,400000,20000,3390000,1120000,11360000,4350000,3950000,3210000,970000,2400000,4070000,340000,30000,3410000,600000,11010000,4370000,4070000,3340000,1140000,2490000,3930000,520000,30000,3460000,630000,,
Singapore,Southeast Asia,Asia,country,1.357107,103.8194992,49710,1998,3927213,12.66,0.01,0.01,0.95,0,0,0,0,0,0,0.03,0,20000,30000,3060000,13360000,13040000,7180000,25330000,610000,960000,400000,174850000,20000,30000,3140000,13990000,13690000,7080000,26060000,590000,980000,410000,182590000,20000,30000,3220000,14620000,14010000,6920000,25820000,600000,1000000,430000,181270000,,
Solomon Islands,Oceania (region),Oceania (continent),country,-8.7053941,159.1070694,940,2018,652856,1.44,NA,NA,NA,NA,NA,NA,NA,NA,NA,NA,NA,70000,45410000,340000,90000,20000,230000,90000,0,0,30000,30000,70000,45410000,350000,110000,20000,220000,90000,0,0,30000,30000,70000,45410000,350000,130000,20000,230000,90000,0,0,30000,40000,,
Sierra Leone,Sub-Saharan Africa,Africa,country,8.6400349,-11.8400269,7190,2018,7650149,0.94,NA,NA,NA,NA,NA,NA,NA,NA,NA,NA,NA,4610000,3400000,1360000,130000,100000,470000,60000,40000,0,870000,10000,4390000,3410000,1390000,140000,100000,470000,70000,30000,0,880000,20000,4010000,3380000,1420000,160000,110000,490000,70000,30000,0,910000,20000,,
El Salvador,Central America,North and Central America,country,13.8000382,-88.9140683,12350,2018,6420740,1.92,0,0.26,0,0,0,0.3,0.29,0.03,0,0.13,0,2510000,1080000,2080000,690000,1190000,3440000,1670000,490000,0,660000,530000,2480000,1110000,2090000,710000,1280000,3360000,980000,370000,0,660000,530000,2430000,1090000,2110000,740000,1410000,3480000,890000,640000,0,660000,560000,,
Somalia,Sub-Saharan Africa,Africa,country,8.3676771,49.083416,26970,2018,15008225,1.8,NA,NA,NA,NA,NA,NA,NA,NA,NA,NA,NA,22480000,17350000,2310000,250000,80000,140000,320000,120000,0,1370000,230000,22230000,17350000,2380000,260000,80000,140000,320000,120000,0,1380000,230000,22160000,17350000,2440000,280000,80000,150000,330000,120000,0,1400000,240000,,
Serbia,"Eastern Europe, Balkans, Caucasus",Europe,country,44.1534121,20.55144,75600,1998,7567745,9.99,0.73,0,0.02,0,0,0.25,0,0,0,0,0,6560000,-90000,5590000,1850000,3730000,5970000,32990000,2330000,2380000,2780000,420000,6250000,-90000,5660000,1810000,3540000,6240000,33570000,2350000,2340000,2750000,440000,5710000,-90000,5730000,1770000,3930000,6350000,31920000,2210000,2310000,2670000,470000,,
South Sudan,Sub-Saharan Africa,Africa,country,7.8699431,29.6667897,46690,1998,5661934,8.25,0,0.99,0,0,0,0,0,0.01,0,0,0,48860000,10140000,2380000,80000,30000,950000,670000,10000,4930000,530000,220000,46630000,9810000,2460000,90000,50000,740000,640000,20000,4870000,530000,240000,49360000,9830000,2540000,90000,40000,590000,680000,20000,4820000,520000,190000,,
Sao Tome and Principe,Sub-Saharan Africa,Africa,country,0.8875498,6.9648718,190,2018,211032,0.9,NA,NA,NA,NA,NA,NA,NA,NA,NA,NA,NA,20000,220000,10000,10000,30000,30000,50000,10000,0,20000,40000,20000,220000,10000,10000,30000,30000,50000,10000,0,20000,40000,20000,220000,10000,10000,30000,40000,60000,10000,0,20000,40000,,
Suriname,South America (region),South America (continent),country,4.1413025,-56.0771187,3780,2018,575987,6.56,0,0.4,0,0,0,0.6,0,0,0,0,0,750000,9360000,100000,140000,60000,610000,1180000,100000,790000,340000,140000,750000,9360000,100000,150000,60000,610000,1010000,90000,790000,340000,140000,670000,9360000,100000,160000,60000,610000,950000,100000,800000,340000,140000,,
Slovak Republic,Central Europe and Baltics,Europe,country,48.7411522,19.4528646,39930,2018,5446771,7.33,0.13,0.02,0.06,0,0.55,0.16,0,0.02,0,0.06,0.01,2630000,-1070000,1480000,2220000,7300000,6740000,11680000,4170000,1670000,690000,150000,2480000,-1070000,1490000,2200000,7750000,7800000,11870000,4550000,1680000,660000,120000,2540000,-1060000,1490000,2160000,8410000,7730000,10970000,4280000,1690000,650000,140000,,
Slovenia,Central Europe and Baltics,Europe,country,45.8133113,14.4808369,17170,2018,2073894,8.28,0.3,0,0.03,0,0.39,0.24,0,0.02,0,0.02,0,1640000,340000,530000,790000,1650000,5650000,4910000,1120000,270000,580000,450000,1640000,340000,520000,830000,1750000,5770000,4940000,1000000,270000,590000,570000,1620000,350000,510000,800000,1940000,5720000,4820000,880000,270000,600000,820000,,
Sweden,Nordic Countries,Europe,country,59.6749712,14.5208584,46350,2018,10175214,4.56,0.01,0,0,0,0.4,0.4,0,0,0.11,0.08,0,7360000,-16650000,1140000,2690000,6840000,17590000,10040000,1620000,70000,2170000,8790000,7500000,-16570000,1090000,2550000,6900000,17330000,9970000,1560000,70000,2100000,10070000,7240000,-16310000,1040000,2480000,6910000,16490000,8610000,1520000,70000,1990000,8580000,,
Eswatini,Sub-Saharan Africa,Africa,country,-26.5624806,31.3991317,3120,2018,1136274,2.75,NA,NA,NA,NA,NA,NA,NA,NA,NA,NA,NA,960000,-110000,580000,80000,320000,470000,220000,160000,80000,330000,0,980000,-120000,590000,80000,260000,680000,40000,30000,90000,310000,10000,980000,-120000,590000,90000,270000,710000,40000,30000,90000,320000,10000,,
Seychelles,Sub-Saharan Africa,Africa,country,-4.6574977,55.4540146,780,2018,96762,8.06,NA,NA,NA,NA,NA,NA,NA,NA,NA,NA,NA,0,0,90000,50000,10000,120000,330000,20000,0,60000,630000,0,0,90000,60000,10000,150000,340000,20000,0,60000,700000,0,0,90000,60000,10000,160000,360000,20000,0,70000,730000,,
Syria,Middle East,Asia,country,34.6401861,39.0494106,47540,2017,17095669,2.78,0,0.38,0.58,0,0,0.04,0,0,0,0,0,6690000,0,6380000,2890000,2770000,6130000,12290000,2740000,3780000,1260000,1270000,6580000,0,6500000,3010000,3030000,6840000,12810000,3050000,4360000,1370000,1190000,6450000,0,6610000,3120000,2860000,6410000,12680000,2850000,4030000,1310000,1160000,,
Turks and Caicos Islands,Caribbean,North and Central America,country,21.7214683,-71.6201783,2,1989,11550,0.2,NA,NA,NA,NA,NA,NA,NA,NA,NA,NA,NA,NA,NA,NA,NA,NA,NA,NA,NA,NA,NA,NA,NA,NA,NA,NA,NA,NA,NA,NA,NA,NA,NA,NA,NA,NA,NA,NA,NA,NA,NA,NA,NA,NA,,
Chad,Sub-Saharan Africa,Africa,country,15.6134137,19.0156172,80680,2018,15477727,5.21,NA,NA,NA,NA,NA,NA,NA,NA,NA,NA,NA,65060000,24970000,2130000,660000,0,160000,190000,80000,5770000,1180000,60000,67320000,24460000,2190000,720000,0,160000,190000,80000,5840000,1190000,60000,70070000,24370000,2260000,780000,0,160000,200000,90000,5900000,1250000,60000,,
Togo,Sub-Saharan Africa,Africa,country,8.7800265,1.0199765,8420,2018,7889095,1.07,0,0.09,0,0,0,0.88,0,0,0,0.02,0,2960000,820000,900000,1520000,120000,610000,510000,250000,0,1370000,170000,2850000,830000,930000,1590000,30000,890000,280000,60000,0,1390000,230000,2950000,820000,950000,1660000,110000,1010000,210000,110000,0,1410000,200000,,
Thailand,Southeast Asia,Asia,country,14.8971921,100.83273,416950,2018,69428454,6.01,0.19,0,0.64,0,0,0.05,0,0.02,0.01,0.08,0,61010000,15740000,12580000,55440000,48650000,69070000,110360000,6560000,12980000,18550000,16650000,70690000,15740000,12650000,63670000,49610000,75320000,103980000,6690000,12890000,17710000,17050000,68820000,14270000,12720000,71900000,43940000,75880000,105570000,6730000,12810000,18580000,18860000,,
Tajikistan,Central Asia,Asia,country,38.6281733,70.8156541,15210,2018,9100847,1.67,0.05,0,0,0,0,0.95,0,0,0,0,0,6290000,-130000,830000,880000,940000,1290000,530000,1130000,140000,1620000,100000,6390000,-130000,850000,900000,1530000,1180000,970000,1090000,140000,1150000,60000,6410000,-130000,870000,910000,1910000,1230000,1490000,1060000,140000,1180000,90000,,
Turkmenistan,Central Asia,Asia,country,39.3763807,59.3924609,125080,2018,5850902,21.38,0,0,1,0,0,0,0,0,0,0,0,9320000,0,1350000,2110000,2350000,11770000,25950000,17310000,43960000,11830000,1450000,9290000,0,1370000,2080000,2350000,11770000,25930000,17310000,43640000,11880000,1450000,9220000,0,1390000,2060000,2350000,11770000,25910000,17310000,43040000,12030000,1450000,,
Timor-Leste,Southeast Asia,Asia,country,-8.5151979,125.8375756,6190,2018,1267975,4.88,NA,NA,NA,NA,NA,NA,NA,NA,NA,NA,NA,990000,460000,60000,10000,0,80000,390000,0,5100000,130000,10000,940000,470000,60000,10000,0,90000,410000,0,4770000,120000,10000,940000,470000,60000,20000,0,90000,430000,0,4530000,130000,10000,,
Tonga,Oceania (region),Oceania (continent),country,-19.9160819,-175.202642,350,2018,103199,3.39,NA,NA,NA,NA,NA,NA,NA,NA,NA,NA,NA,80000,0,60000,0,0,100000,50000,10000,0,10000,10000,80000,0,60000,0,0,130000,50000,10000,0,10000,20000,80000,0,70000,0,0,130000,50000,10000,0,10000,20000,,
Trinidad and Tobago,Caribbean,North and Central America,country,10.8677845,-60.9821067,15970,2000,1267159,12.6,0,0,1,0,0,0,0,0,0,0,0,300000,130000,1210000,3270000,2030000,3030000,12230000,380000,270000,110000,2980000,300000,130000,1220000,3520000,2090000,3050000,12110000,380000,290000,110000,2350000,300000,130000,1240000,3770000,1950000,2500000,12360000,380000,290000,110000,1900000,,
Tunisia,North Africa,Africa,country,33.8439408,9.400138,41100,2018,11565203,3.55,0,0,0.96,0,0,0,0,0.01,0.02,0,0.01,4570000,-3790000,3050000,4870000,5200000,7080000,9130000,2620000,980000,2230000,670000,4460000,-3760000,3100000,5000000,5180000,7620000,9280000,2790000,940000,2340000,800000,4570000,-3790000,3140000,5140000,4960000,7630000,9470000,2880000,940000,2370000,910000,,
Turkey,Middle East,Asia,country,38.9597594,34.9249653,502520,2018,82340090,6.1,0.33,0,0.37,0,0,0.2,0.02,0.01,0.06,0.01,0,48180000,-28650000,16160000,43530000,51060000,79150000,146530000,54070000,8140000,13990000,13020000,47770000,-28640000,16430000,45710000,68790000,82840000,158510000,59040000,8200000,15380000,13310000,49590000,-28650000,16710000,47910000,72120000,83370000,159040000,50100000,8260000,15430000,14270000,,
Tuvalu,Oceania (region),Oceania (continent),country,-8.6405212,179.1582918,30,2018,11505,2.61,NA,NA,NA,NA,NA,NA,NA,NA,NA,NA,NA,10000,0,10000,0,0,10000,10000,0,0,0,0,10000,0,10000,0,0,10000,10000,0,0,0,0,10000,0,10000,0,0,10000,10000,0,0,0,0,,
Tanzania,Sub-Saharan Africa,Africa,country,-6.5247123,35.7878438,105380,2018,56313444,1.87,0,0.17,0.53,0,0,0.29,0,0,0,0,0,59560000,72150000,5750000,1810000,1300000,5320000,2570000,420000,2880000,25050000,450000,57090000,72170000,5910000,1930000,1830000,5380000,2410000,430000,2950000,25410000,460000,58230000,70190000,6060000,2040000,1930000,5620000,2310000,410000,3020000,25760000,430000,,
Uganda,Sub-Saharan Africa,Africa,country,1.5333554,32.2166578,54870,2018,42729032,1.28,0,0.06,0,0,0,0.83,0,0.01,0,0.1,0,28530000,15870000,1810000,990000,930000,3200000,190000,230000,0,16990000,310000,29180000,15880000,1870000,990000,1050000,3220000,210000,230000,0,17210000,320000,29520000,15840000,1930000,990000,1110000,3420000,220000,240000,0,17440000,320000,,
Ukraine,"Eastern Europe, Balkans, Caucasus",Europe,country,49.4871968,31.2718321,274510,2018,44622518,6.15,0.32,0.01,0.05,0,0.55,0.06,0,0,0.01,0,0,29540000,-12130000,14210000,8790000,37650000,24400000,105140000,25570000,38200000,6630000,480000,30120000,-12140000,14330000,8840000,31420000,25460000,86270000,24240000,37760000,5650000,770000,30190000,-12080000,14460000,8980000,35620000,25210000,90950000,26110000,37320000,5680000,920000,,
Uruguay,South America (region),South America (continent),country,-32.8755548,-56.0201525,36160,2018,3449290,10.48,0,0.01,0,0,0,0.55,0,0.02,0.28,0.14,0,27400000,-1770000,1970000,1130000,880000,3520000,830000,530000,10000,780000,760000,26820000,-1770000,1990000,1200000,820000,3680000,330000,470000,10000,790000,630000,26340000,-1770000,2010000,1270000,870000,3630000,760000,480000,10000,790000,780000,,
United States,North America (region),North and Central America,country,39.7837304,-100.445882,6023620,2018,326838199,18.43,0.31,0.01,0.31,0,0.2,0.07,0,0.02,0.06,0.02,0,381400000,-230360000,131030000,222020000,439020000,1711220000,2145510000,496470000,286110000,94480000,136850000,381930000,-229160000,132130000,227960000,429410000,1724020000,2064520000,497900000,291100000,93830000,148230000,385250000,-229270000,133240000,233910000,458790000,1762240000,2103170000,550680000,301580000,94750000,144850000,,
Uzbekistan,Central Asia,Asia,country,41.32373,63.9528098,235510,2018,32956100,7.15,0.04,0,0.82,0,0,0.14,0,0,0,0,0,34680000,-3370000,6800000,6570000,11320000,7340000,47670000,31280000,79830000,5420000,0,35380000,-3370000,6920000,6630000,12380000,7920000,48540000,34320000,78750000,4080000,0,35990000,-3370000,7040000,6690000,11390000,15020000,52950000,26930000,77670000,1820000,0,,
St. Vincent and the Grenadines,Caribbean,North and Central America,country,12.90447,-61.2765569,370,2018,110210,3.36,NA,NA,NA,NA,NA,NA,NA,NA,NA,NA,NA,20000,0,60000,0,0,140000,100000,30000,0,0,0,20000,0,60000,0,0,140000,100000,30000,0,0,0,10000,0,60000,0,0,150000,100000,30000,0,0,0,,
Venezuela,South America (region),North and Central America,country,8.0018709,-66.1109318,233920,2018,28887117,8.1,0,0.13,0.26,0,0,0.61,0,0,0,0,0,38710000,43470000,10760000,12110000,16910000,40780000,65940000,5460000,65880000,1040000,1480000,38470000,43060000,10860000,12700000,17820000,37300000,62980000,5260000,57150000,1040000,1430000,39880000,43340000,10960000,13290000,17370000,32930000,57290000,5000000,56180000,1040000,1210000,,
British Virgin Islands,Caribbean,North and Central America,country,18.4024395,-64.5661642,72,1988,16155,4.47,NA,NA,NA,NA,NA,NA,NA,NA,NA,NA,NA,NA,NA,NA,NA,NA,NA,NA,NA,NA,NA,NA,NA,NA,NA,NA,NA,NA,NA,NA,NA,NA,NA,NA,NA,NA,NA,NA,NA,NA,NA,NA,NA,NA,,
Virgin Islands (U.S.),Caribbean,North and Central America,country,17.7289564,-64.75901598,45,1989,101041,0.44,NA,NA,NA,NA,NA,NA,NA,NA,NA,NA,NA,NA,NA,NA,NA,NA,NA,NA,NA,NA,NA,NA,NA,NA,NA,NA,NA,NA,NA,NA,NA,NA,NA,NA,NA,NA,NA,NA,NA,NA,NA,NA,NA,NA,,
Vietnam,Southeast Asia,Asia,country,13.2904027,108.4265113,376530,2018,95545959,3.94,0.34,0,0.21,0,0,0.45,0,0,0,0,0,71110000,-11370000,19930000,34130000,63010000,36490000,79760000,13070000,20010000,4060000,3040000,71150000,-12090000,20160000,35690000,64330000,38190000,71570000,15780000,19360000,4190000,3350000,70990000,-12090000,20400000,37130000,63910000,36320000,109130000,15790000,18660000,4210000,4300000,,
Vanuatu,Oceania (region),Oceania (continent),country,-16.5255069,168.1069154,870,2018,292675,2.97,NA,NA,NA,NA,NA,NA,NA,NA,NA,NA,NA,480000,0,150000,0,0,130000,50000,10000,0,40000,40000,480000,10000,160000,0,0,110000,50000,10000,0,40000,40000,480000,0,160000,10000,0,120000,50000,10000,0,40000,40000,,
Samoa,Oceania (region),Oceania (continent),country,-13.7693895,-172.12005,690,2018,196128,3.52,NA,NA,NA,NA,NA,NA,NA,NA,NA,NA,NA,200000,110000,150000,10000,0,170000,80000,50000,0,10000,50000,200000,110000,150000,10000,0,170000,80000,50000,0,10000,50000,200000,110000,150000,10000,0,180000,90000,50000,0,10000,50000,,
Yemen,Middle East,Asia,country,16.3471243,47.8915271,21760,2018,28498683,0.76,0,0.51,0.36,0,0,0,0,0.14,0,0,0,7880000,0,2780000,1110000,1010000,2640000,3880000,1950000,650000,830000,380000,7790000,0,2880000,1150000,1020000,2560000,3360000,1610000,730000,870000,350000,8190000,0,2970000,1190000,1080000,2600000,2710000,1480000,620000,920000,350000,,
South Africa,Sub-Saharan Africa,Africa,country,-28.8166236,24.991639,503110,2012,52832659,9.52,0.9,0,0,0,0.06,0,0,0.01,0.02,0,0,29170000,6690000,24030000,20620000,49060000,51510000,290930000,21130000,2710000,12380000,13230000,30780000,6760000,24430000,21550000,46110000,56710000,284430000,33970000,2760000,13850000,9790000,30030000,7070000,24840000,22480000,46760000,56860000,281880000,33840000,2820000,13930000,12400000,,
Zambia,Sub-Saharan Africa,Africa,country,-14.5189121,27.5589884,40670,2018,17351714,2.34,0.09,0.05,0,0,0,0.86,0,0,0,0,0,25470000,54410000,3370000,1550000,1540000,2070000,650000,90000,10000,4360000,120000,24420000,54200000,3490000,1590000,1620000,2060000,1900000,110000,10000,4500000,120000,24460000,52560000,3600000,1640000,1510000,2030000,2720000,130000,10000,4580000,120000,,
Zimbabwe,Sub-Saharan Africa,Africa,country,-18.4554963,29.7468414,31380,2018,14438812,2.17,0.45,0.01,0,0,0,0.53,0,0,0,0.02,0,10540000,87400000,2480000,1720000,1090000,2180000,6220000,230000,680000,3980000,150000,10780000,87290000,2540000,1790000,1120000,2240000,5410000,220000,700000,4000000,180000,11150000,87380000,2590000,1850000,1190000,2870000,6600000,230000,710000,4190000,220000,,
Oceania (region),Oceania (region),Oceania (continent),region,-18.3128,138.5156,726365,NA,41423017,17.54,0.54,0.02,0.19,0,0,0.14,0.03,0.03,0.05,0.01,0,NA,NA,NA,NA,NA,NA,NA,NA,NA,NA,NA,NA,NA,NA,NA,NA,NA,NA,NA,NA,NA,NA,NA,NA,NA,NA,NA,NA,NA,NA,NA,NA,NA,,
Southeast Asia,Southeast Asia,Asia,region,6.200528638,111.9316316,2560970,NA,653468148,3.92,0.38,0.03,0.36,0,0,0.18,0.02,0.01,0,0.02,0,NA,NA,NA,NA,NA,NA,NA,NA,NA,NA,NA,NA,NA,NA,NA,NA,NA,NA,NA,NA,NA,NA,NA,NA,NA,NA,NA,NA,NA,NA,NA,NA,NA,,
East Asia,East Asia,Asia,region,35.94157297,108.1617286,14392416,NA,1615545126,8.91,0.62,0.01,0.09,0,0.05,0.15,0,0.02,0.04,0.02,0,NA,NA,NA,NA,NA,NA,NA,NA,NA,NA,NA,NA,NA,NA,NA,NA,NA,NA,NA,NA,NA,NA,NA,NA,NA,NA,NA,NA,NA,NA,NA,NA,NA,,
"Eastern Europe, Balkans, Caucasus","Eastern Europe, Balkans, Caucasus",Europe,region,46.95326225,32.53378389,3421360,NA,275627098,12.41,0.21,0.01,0.4,0,0.2,0.16,0,0.01,0.01,0,0,NA,NA,NA,NA,NA,NA,NA,NA,NA,NA,NA,NA,NA,NA,NA,NA,NA,NA,NA,NA,NA,NA,NA,NA,NA,NA,NA,NA,NA,NA,NA,NA,NA,,
Western Europe,Western Europe,Europe,region,45.91837537,-1.554999307,1632531,NA,224872002,7.26,0.1,0.02,0.25,0,0.39,0.06,0,0.02,0.11,0.05,0,NA,NA,NA,NA,NA,NA,NA,NA,NA,NA,NA,NA,NA,NA,NA,NA,NA,NA,NA,NA,NA,NA,NA,NA,NA,NA,NA,NA,NA,NA,NA,NA,NA,,
Central Europe and Baltics,Central Europe and Baltics,Europe,region,50.40488931,15.84475111,2008610,NA,233150929,8.62,0.34,0.01,0.19,0.01,0.11,0.1,0,0.05,0.1,0.08,0,NA,NA,NA,NA,NA,NA,NA,NA,NA,NA,NA,NA,NA,NA,NA,NA,NA,NA,NA,NA,NA,NA,NA,NA,NA,NA,NA,NA,NA,NA,NA,NA,NA,,
Middle East,Middle East,Asia,region,31.42122012,47.78259843,2974920,NA,327920851,9.07,0.08,0.12,0.64,0.07,0.01,0.05,0,0,0.01,0,0,NA,NA,NA,NA,NA,NA,NA,NA,NA,NA,NA,NA,NA,NA,NA,NA,NA,NA,NA,NA,NA,NA,NA,NA,NA,NA,NA,NA,NA,NA,NA,NA,NA,,
Nordic Countries,Nordic Countries,Europe,region,61.3291098,16.48137439,197490,NA,27149012,7.27,0.03,0,0.02,0.01,0.2,0.55,0.01,0,0.09,0.08,0,NA,NA,NA,NA,NA,NA,NA,NA,NA,NA,NA,NA,NA,NA,NA,NA,NA,NA,NA,NA,NA,NA,NA,NA,NA,NA,NA,NA,NA,NA,NA,NA,NA,,
North America (region),North America (region),North and Central America,region,51.0000002,-109,7428430,NA,490094159,15.16,0.27,0.01,0.3,0,0.18,0.14,0,0.01,0.06,0.02,0,NA,NA,NA,NA,NA,NA,NA,NA,NA,NA,NA,NA,NA,NA,NA,NA,NA,NA,NA,NA,NA,NA,NA,NA,NA,NA,NA,NA,NA,NA,NA,NA,NA,,
Central Asia,Central Asia,Asia,region,39.4009215,72.8676621,668140,NA,72507101,9.21,0.34,0,0.42,0,0,0.23,0,0,0,0,0,NA,NA,NA,NA,NA,NA,NA,NA,NA,NA,NA,NA,NA,NA,NA,NA,NA,NA,NA,NA,NA,NA,NA,NA,NA,NA,NA,NA,NA,NA,NA,NA,NA,,
Caribbean,Caribbean,North and Central America,region,18.4,-75,131502,NA,42278280,3.11,0.04,0.44,0.35,0.09,0,0.05,0,0,0.01,0.02,0,NA,NA,NA,NA,NA,NA,NA,NA,NA,NA,NA,NA,NA,NA,NA,NA,NA,NA,NA,NA,NA,NA,NA,NA,NA,NA,NA,NA,NA,NA,NA,NA,NA,,
South America (region),South America (region),South America (continent),region,-21.0002179,-61.0006565,2238880,NA,423428278,5.29,0.05,0.05,0.2,0,0.02,0.58,0,0,0.04,0.06,0,NA,NA,NA,NA,NA,NA,NA,NA,NA,NA,NA,NA,NA,NA,NA,NA,NA,NA,NA,NA,NA,NA,NA,NA,NA,NA,NA,NA,NA,NA,NA,NA,NA,,
Central America,Central America,North and Central America,region,13.19631924,-87.06188084,124600,NA,48380097,2.58,0.08,0.19,0,0,0,0.49,0.07,0.03,0.06,0.09,0,NA,NA,NA,NA,NA,NA,NA,NA,NA,NA,NA,NA,NA,NA,NA,NA,NA,NA,NA,NA,NA,NA,NA,NA,NA,NA,NA,NA,NA,NA,NA,NA,NA,,
North Africa,North Africa,Africa,region,30.39814988,9.698685617,786560,NA,194924874,4.04,0.05,0.12,0.76,0,0,0.04,0,0,0.02,0,0,NA,NA,NA,NA,NA,NA,NA,NA,NA,NA,NA,NA,NA,NA,NA,NA,NA,NA,NA,NA,NA,NA,NA,NA,NA,NA,NA,NA,NA,NA,NA,NA,NA,,
Sub-Saharan Africa,Sub-Saharan Africa,Africa,region,-2.897330082,26.62074812,2340620,NA,1065506110,2.2,0.52,0.05,0.12,0.01,0.03,0.23,0.01,0.01,0.01,0.01,0,NA,NA,NA,NA,NA,NA,NA,NA,NA,NA,NA,NA,NA,NA,NA,NA,NA,NA,NA,NA,NA,NA,NA,NA,NA,NA,NA,NA,NA,NA,NA,NA,NA,,
South Asia,South Asia,Asia,region,25.57231535,80.91765645,4194440,NA,1814354906,2.31,0.65,0.04,0.1,0,0.03,0.1,0,0.02,0.03,0.03,0,NA,NA,NA,NA,NA,NA,NA,NA,NA,NA,NA,NA,NA,NA,NA,NA,NA,NA,NA,NA,NA,NA,NA,NA,NA,NA,NA,NA,NA,NA,NA,NA,NA,,
Asia,NA,Asia,continent,51.2086975,89.2343748,24790886,NA,4483796132,5.53,0.3,0.03,0.34,0,0.14,0.1,0.01,0.02,0.04,0.02,0,NA,NA,NA,NA,NA,NA,NA,NA,NA,NA,NA,NA,NA,NA,NA,NA,NA,NA,NA,NA,NA,NA,NA,NA,NA,NA,NA,NA,NA,NA,NA,NA,NA,,
Europe,NA,Europe,continent,51,10,7259991,NA,760799041,9.54,0.4,0.03,0.19,0.01,0.08,0.19,0,0.02,0.06,0.03,0,NA,NA,NA,NA,NA,NA,NA,NA,NA,NA,NA,NA,NA,NA,NA,NA,NA,NA,NA,NA,NA,NA,NA,NA,NA,NA,NA,NA,NA,NA,NA,NA,NA,,
North and Central America,NA,North and Central America,continent,33.28968209,-95.49168961,7918452,NA,609639653,12.99,0.15,0.07,0.3,0,0.02,0.32,0,0.02,0.06,0.06,0,NA,NA,NA,NA,NA,NA,NA,NA,NA,NA,NA,NA,NA,NA,NA,NA,NA,NA,NA,NA,NA,NA,NA,NA,NA,NA,NA,NA,NA,NA,NA,NA,NA,,
South America (continent),NA,South America (continent),continent,-21.0002179,-61.0006565,2004960,NA,394541161,5.08,0.13,0.02,0.48,0,0.21,0.12,0,0.01,0.03,0.01,0,NA,NA,NA,NA,NA,NA,NA,NA,NA,NA,NA,NA,NA,NA,NA,NA,NA,NA,NA,NA,NA,NA,NA,NA,NA,NA,NA,NA,NA,NA,NA,NA,NA,,
Africa,NA,Africa,continent,11.5024338,17.7578122,3127180,NA,1260430984,2.48,0.53,0.02,0.13,0.01,0.06,0.16,0,0.02,0.04,0.02,0,NA,NA,NA,NA,NA,NA,NA,NA,NA,NA,NA,NA,NA,NA,NA,NA,NA,NA,NA,NA,NA,NA,NA,NA,NA,NA,NA,NA,NA,NA,NA,NA,NA,,
Oceania (continent),NA,Oceania (continent),continent,-18.3128,138.5156,726365,NA,41423017,17.54,0.54,0.02,0.19,0,0,0.14,0.03,0.03,0.05,0.01,0,NA,NA,NA,NA,NA,NA,NA,NA,NA,NA,NA,NA,NA,NA,NA,NA,NA,NA,NA,NA,NA,NA,NA,NA,NA,NA,NA,NA,NA,NA,NA,NA,NA,,
World,World,World,world,0,0,45827834,NA,7550629988,6.07,0.38,0.03,0.23,0.01,0.1,0.16,0,0.02,0.04,0.02,0,5737280000,1267610000,1560850000,2768080000,6188610000,7878140000,14949510000,2737470000,2889310000,1437090000,1225100000,5821070000,1220050000,1583860000,2825880000,6174410000,8078450000,15167360000,2796010000,2879970000,1443420000,1280820000,5817650000,1387560000,1606860000,2902680000,6158320000,8257730000,15590950000,2882540000,2883390000,1452020000,1311600000,,